<?xml version="1.0" encoding="UTF-8"?>
<configuration scan="true" scanPeriod="60 seconds">

	<property name="LOG_DIR" value="logs" />
	<property name="ARCHIVED_DIR" value="logs/archived" />


	<appender name="Console"
		class="ch.qos.logback.core.ConsoleAppender">
		<layout class="ch.qos.logback.classic.PatternLayout">
			<Pattern>
				%black(%d{ISO8601}) %highlight(%-5level) [%blue(%t)]
				%yellow(%C{1.}): %msg%n%throwable
			</Pattern>
		</layout>
	</appender>


	<appender name="RollingFile"
		class="ch.qos.logback.core.rolling.RollingFileAppender">
		<file>${LOG_DIR}/application.log</file>
		<append>true</append>
		<encoder>
			<pattern>%d{yyyy-MM-dd HH:mm:ss.SSS} [%thread] %-5level %logger{50} - %msg%n
			</pattern>
			<!-- <totalSizeCap>3GB</totalSizeCap> -->
		</encoder>

		<rollingPolicy
			class="ch.qos.logback.core.rolling.SizeAndTimeBasedRollingPolicy">
			<fileNamePattern>${ARCHIVED_DIR}/%d{yyyy-MM-dd}.%i.application.log.gz
			</fileNamePattern>
			<totalSizeCap>300MB</totalSizeCap>
			<maxHistory>30</maxHistory>
			<maxFileSize>50MB</maxFileSize>
		</rollingPolicy>
	</appender>




	<springProfile name="QA">
		<root level="info">
			<appender-ref ref="RollingFile" />
			<appender-ref ref="Console" />
		</root>
		<logger name="com.sgl.smartpra.*" additivity="false"
			level="debug">
			<appender-ref ref="RollingFile" />
			<appender-ref ref="Console" />
		</logger>
	</springProfile>



	<springProfile name="DEV">
		<root level="info">
			<appender-ref ref="RollingFile" />
			<appender-ref ref="Console" />
		</root>
		<logger name="com.sgl.smartpra.*" additivity="false"
			level="info">
			<appender-ref ref="RollingFile" />
			<appender-ref ref="Console" />
		</logger>
	</springProfile>

	<springProfile name="PROD">
		<root level="error">
			<appender-ref ref="RollingFile" />
			<appender-ref ref="Console" />
		</root>
		<logger name="com.sgl.smartpra.*" additivity="false"
			level="info">
			<appender-ref ref="RollingFile" />
			<appender-ref ref="Console" />
		</logger>
	</springProfile>
	
		<springProfile name="DEMO">
		<root level="info">
			<appender-ref ref="RollingFile" />
			<appender-ref ref="Console" />
		</root>
		<logger name="com.sgl.smartpra.*" additivity="false"
			level="info">
			<appender-ref ref="RollingFile" />
			<appender-ref ref="Console" />
		</logger>
	</springProfile>
	
		<springProfile name="UAT">
		<root level="info">
			<appender-ref ref="RollingFile" />
			<appender-ref ref="Console" />
		</root>
		<logger name="com.sgl.smartpra.*" additivity="false"
			level="info">
			<appender-ref ref="RollingFile" />
			<appender-ref ref="Console" />
		</logger>
	</springProfile>

	<springProfile name="default">
		<root level="info">
			<appender-ref ref="RollingFile" />
			<appender-ref ref="Console" />
		</root>
		<logger name="com.sgl.smartpra.*" additivity="false"
			level="info">
			<appender-ref ref="RollingFile" />
			<appender-ref ref="Console" />
		</logger>
	</springProfile>


</configuration>