<?xml version="1.0" encoding="UTF-8"?>
<InvoiceTransmission xsi:schemaLocation="http://www.IATA.com/IATAAviationInvoiceStandard http://www.iata.org/services/finance/sis/Documents/schemas/IATA_IS_XML_Invoice_Standard_V3.9.0.1.xsd" xmlns="http://www.IATA.com/IATAAviationInvoiceStandard" xmlns:xsi="http://www.w3.org/2001/XMLSchema-instance">
  <TransmissionHeader>
    <TransmissionDateTime>2019-04-25T04:18:45</TransmissionDateTime>
    <Version>IATA:ISXMLInvoiceV3.9.0.1</Version>
    <TransmissionID>793b3df6-61f4-44bb-bcfc-4a010865ef71</TransmissionID>
    <ReceivingOrganizationID>157</ReceivingOrganizationID>
    <BillingCategory>Miscellaneous</BillingCategory>
  </TransmissionHeader>
  <Invoice>
    <InvoiceHeader>
      <InvoiceNumber>EK10983</InvoiceNumber>
      <InvoiceDate>2019-04-28</InvoiceDate>
      <InvoiceType>Invoice</InvoiceType>
      <ChargeCategory>ATC</ChargeCategory>
	  <LocationCode>BUE</LocationCode>
	  <TaxInvoiceNumber>TaxInv</TaxInvoiceNumber>
	  <TaxPointDate>2019-04-30</TaxPointDate>
      <SellerOrganization>
        <OrganizationID>176</OrganizationID>
        <OrganizationDesignator>EK</OrganizationDesignator>
        <LocationID>134</LocationID>
        <OrganizationName1>Emirates</OrganizationName1>
        <TaxRegistrationID>RPM Bruxelles</TaxRegistrationID>
        <CompanyRegistrationID>BE 0403 150 410</CompanyRegistrationID>
        <Address>
          <AddressLine1>Dnata</AddressLine1>
          <AddressLine2>EK Headquaters</AddressLine2>
          <AddressLine3>Dubai</AddressLine3>
          <CityName>DUBAI</CityName>
          <SubdivisionName>null</SubdivisionName>
          <CountryCode>AE</CountryCode>
          <CountryName>UAE</CountryName>
          <PostalCode>1515</PostalCode>
        </Address>
      </SellerOrganization>
      <BuyerOrganization>
        <OrganizationID>312</OrganizationID>
        <OrganizationDesignator>6E</OrganizationDesignator>
        <OrganizationName1>Indigo Airlines</OrganizationName1>
        <TaxRegistrationID>107510570RT0001</TaxRegistrationID>
        <AdditionalTaxRegistrationID>1006066123</AdditionalTaxRegistrationID>
        <Address>
          <AddressLine1>Indigo Airline</AddressLine1>
          <AddressLine2>Central Wing, Ground Floor, Thapar House,124, Janpath,</AddressLine2>
          <CityName>New Delhi</CityName>
          <SubdivisionName>Quebec</SubdivisionName>
          <CountryCode>IN</CountryCode>
          <CountryName>INDIA</CountryName>
          <PostalCode>110001</PostalCode>
        </Address>
      </BuyerOrganization>
      <PaymentTerms>
        <CurrencyCode>USD</CurrencyCode>
        <ClearanceCurrencyCode>USD</ClearanceCurrencyCode>
        <ExchangeRate>1.55000</ExchangeRate>
        <SettlementMonthPeriod>190402</SettlementMonthPeriod>
        <SettlementMethod>I</SettlementMethod>
      </PaymentTerms>
      <ISDetails>
        <DigitalSignatureFlag>D</DigitalSignatureFlag>
        <RejectionFlag>Y</RejectionFlag>
		<SuspendedFlag>Y</SuspendedFlag>
		<ISValidationFlag>Y</ISValidationFlag>
		<CorrespondenceFlag>Y</CorrespondenceFlag>
		<CorrespondenceDetails>
        	<InvoiceNumber>CorInv20</InvoiceNumber>
			<AuthorityToBillFlag>Y</AuthorityToBillFlag>
			<CorrespondenceRefNumber>1</CorrespondenceRefNumber>
        </CorrespondenceDetails>
        <RejectedInvoiceDetails>
        	<SettlementMonthPeriod>190804</SettlementMonthPeriod>
			<RejectionStage>1</RejectionStage>
        </RejectedInvoiceDetails>
      </ISDetails>
	  <PONumber>PO12345</PONumber>
      <InvoiceTemplateLanguage>EN</InvoiceTemplateLanguage>
      <Notes Type="Affiliate">XB/0000000691</Notes>
      <Attachment>
        <AttachmentIndicatorOriginal>N</AttachmentIndicatorOriginal>
        <AttachmentIndicatorValidated>N</AttachmentIndicatorValidated>
        <NumberOfAttachments>0</NumberOfAttachments>
      </Attachment>
	  <Layout>
      	<Description>Layout desc</Description>
      </Layout>
    </InvoiceHeader>
    <LineItem>
      <LineItemNumber>1</LineItemNumber>
	  <POLineItemNumber>12</POLineItemNumber>
      <ChargeCode>Communication</ChargeCode>
      <Description>Lighting Charges</Description>
      <ProductID>50038</ProductID>
      <StartDate>2019-04-01</StartDate>
      <EndDate>2019-04-07</EndDate>
      <LocationCode>DXB</LocationCode>
	  <RejectionReasonCode>RC</RejectionReasonCode>
      <Quantity UOMCode="EA">1</Quantity>
      <UnitPrice SF="1">34590</UnitPrice>    
	  <ChargeAmount>43590.000</ChargeAmount>
	  <Tax>
      	<TaxType>Tax</TaxType>
      	<TaxAmount>100</TaxAmount>
      	<TaxAmount>200</TaxAmount>
      </Tax>
      <Tax>
      	<TaxType>VAT</TaxType>
      	<TaxAmount>400</TaxAmount>
      	<TaxAmount>500</TaxAmount>
      </Tax>
      <AddOnCharges>
      	<AddOnChargeAmount>200</AddOnChargeAmount>
      </AddOnCharges>
      <AddOnCharges>
      	<AddOnChargeAmount>500</AddOnChargeAmount>
      </AddOnCharges>
      <TotalTaxAmount>300</TotalTaxAmount>
      <TotalVATAmount>900</TotalVATAmount>
      <TotalAddOnChargeAmount>700</TotalAddOnChargeAmount>
	  <TotalNetAmount>1900</TotalNetAmount>
	  <OriginalLineItemNumber>20</OriginalLineItemNumber>
      <DetailCount>50</DetailCount>
    </LineItem>
	<LineItem>
      <LineItemNumber>2</LineItemNumber>
	  <POLineItemNumber>24</POLineItemNumber>
      <ChargeCode>Oceanic</ChargeCode>
      <Description>Misc Charges</Description>
      <ProductID>30000</ProductID>
      <StartDate>2018-01-01</StartDate>
      <EndDate>2018-06-07</EndDate>
      <LocationCode>DXB</LocationCode>
	  <RejectionReasonCode>RC</RejectionReasonCode>
      <Quantity UOMCode="EA">1</Quantity>
      <UnitPrice SF="1">1000</UnitPrice>    
	  <ChargeAmount>43000.000</ChargeAmount>
	  <Tax>
      	<TaxType>Tax</TaxType>
      	<TaxAmount>500</TaxAmount>
      	<TaxAmount>400</TaxAmount>
      </Tax>
      <Tax>
      	<TaxType>VAT</TaxType>
      	<TaxAmount>300</TaxAmount>
      	<TaxAmount>200</TaxAmount>
      </Tax>
      <AddOnCharges>
      	<AddOnChargeAmount>250</AddOnChargeAmount>
      </AddOnCharges>
      <AddOnCharges>
      	<AddOnChargeAmount>350</AddOnChargeAmount>
      </AddOnCharges>
      <TotalTaxAmount>350</TotalTaxAmount>
      <TotalVATAmount>950</TotalVATAmount>
      <TotalAddOnChargeAmount>750</TotalAddOnChargeAmount>
	  <TotalNetAmount>1950</TotalNetAmount>
	  <OriginalLineItemNumber>2</OriginalLineItemNumber>
      <DetailCount>5</DetailCount>
    </LineItem>
    <LineItemDetail>
      <DetailNumber>1</DetailNumber>
      <LineItemNumber>1</LineItemNumber>
      <Description>Lighting Charges</Description>
      <ProductID>50038</ProductID>
      <StartDate>2019-04-01</StartDate>
      <EndDate>2019-04-07</EndDate>
	  <MinimumQuantityFlag>Y</MinimumQuantityFlag>
      <Quantity UOMCode="EA">1</Quantity>
      <UnitPrice SF="1">2637.0000</UnitPrice>
      <ChargeAmount>43590.000</ChargeAmount>
      <TotalNetAmount>43590.000</TotalNetAmount>
      <RouteDetails>
        <CountryCode>IN</CountryCode>
      </RouteDetails>
      <ServiceProviderDetails>
        <MemberCode>6E</MemberCode>
        <NumericCustomerCode>0000000691</NumericCustomerCode>
        <ProductGroup>Lighting Charges</ProductGroup>
        <ProductName>MSA</ProductName>
        <ActivityDate>2019-04-05</ActivityDate>
        <StationCode>DXB</StationCode>
      </ServiceProviderDetails>
	  <Tax>
      	<TaxType>Tax</TaxType>
      	<TaxAmount>100</TaxAmount>
      	<TaxAmount>200</TaxAmount>
      </Tax>
      <Tax>
      	<TaxType>VAT</TaxType>
      	<TaxAmount>1400</TaxAmount>
      	<TaxAmount>1500</TaxAmount>
      </Tax>
	  <AddOnCharges>
      	<AddOnChargeAmount>1200</AddOnChargeAmount>
      </AddOnCharges>
      <AddOnCharges>
      	<AddOnChargeAmount>1500</AddOnChargeAmount>
      </AddOnCharges>
    </LineItemDetail>
	<LineItemDetail>
      <DetailNumber>2</DetailNumber>
      <LineItemNumber>1</LineItemNumber>
      <Description>Piping Charges</Description>
      <ProductID>40000</ProductID>
      <StartDate>2018-05-01</StartDate>
      <EndDate>2018-08-10</EndDate>
	  <MinimumQuantityFlag>Y</MinimumQuantityFlag>
      <Quantity UOMCode="EA">2</Quantity>
      <UnitPrice SF="1">323.0000</UnitPrice>
      <ChargeAmount>100.000</ChargeAmount>
      <TotalNetAmount>200.000</TotalNetAmount>
      <RouteDetails>
        <CountryCode>IN</CountryCode>
      </RouteDetails>
      <ServiceProviderDetails>
        <MemberCode>6E</MemberCode>
        <NumericCustomerCode>0000000691</NumericCustomerCode>
        <ProductGroup>Lighting Charges</ProductGroup>
        <ProductName>MSA</ProductName>
        <ActivityDate>2019-04-05</ActivityDate>
        <StationCode>DXB</StationCode>
      </ServiceProviderDetails>
	  <Tax>
      	<TaxType>Tax</TaxType>
      	<TaxAmount>200</TaxAmount>
      	<TaxAmount>300</TaxAmount>
      </Tax>
      <Tax>
      	<TaxType>VAT</TaxType>
      	<TaxAmount>1000</TaxAmount>
      	<TaxAmount>2000</TaxAmount>
      </Tax>
	  <AddOnCharges>
      	<AddOnChargeAmount>250</AddOnChargeAmount>
      </AddOnCharges>
      <AddOnCharges>
      	<AddOnChargeAmount>150</AddOnChargeAmount>
      </AddOnCharges>
    </LineItemDetail>
	<LineItemDetail>
      <DetailNumber>3</DetailNumber>
      <LineItemNumber>2</LineItemNumber>
      <Description>Roaming Charges</Description>
      <ProductID>50038</ProductID>
      <StartDate>2019-04-01</StartDate>
      <EndDate>2019-04-07</EndDate>
	  <MinimumQuantityFlag>Y</MinimumQuantityFlag>
      <Quantity UOMCode="EA">1</Quantity>
      <UnitPrice SF="1">2637.0000</UnitPrice>
      <ChargeAmount>43590.000</ChargeAmount>
      <TotalNetAmount>43590.000</TotalNetAmount>
      <RouteDetails>
        <CountryCode>IN</CountryCode>
      </RouteDetails>
      <ServiceProviderDetails>
        <MemberCode>6E</MemberCode>
        <NumericCustomerCode>0000000691</NumericCustomerCode>
        <ProductGroup>Lighting Charges</ProductGroup>
        <ProductName>MSA</ProductName>
        <ActivityDate>2019-04-05</ActivityDate>
        <StationCode>DXB</StationCode>
      </ServiceProviderDetails>
	  <Tax>
      	<TaxType>Tax</TaxType>
      	<TaxAmount>100</TaxAmount>
      	<TaxAmount>200</TaxAmount>
      </Tax>
      <Tax>
      	<TaxType>VAT</TaxType>
      	<TaxAmount>1400</TaxAmount>
      	<TaxAmount>1500</TaxAmount>
      </Tax>
	  <AddOnCharges>
      	<AddOnChargeAmount>1200</AddOnChargeAmount>
      </AddOnCharges>
      <AddOnCharges>
      	<AddOnChargeAmount>1500</AddOnChargeAmount>
      </AddOnCharges>
    </LineItemDetail>
	<LineItemDetail>
      <DetailNumber>4</DetailNumber>
      <LineItemNumber>2</LineItemNumber>
      <Description>Fitting Charges</Description>
      <ProductID>40000</ProductID>
      <StartDate>2018-05-01</StartDate>
      <EndDate>2018-08-10</EndDate>
	  <MinimumQuantityFlag>Y</MinimumQuantityFlag>
      <Quantity UOMCode="EA">2</Quantity>
      <UnitPrice SF="1">323.0000</UnitPrice>
      <ChargeAmount>100.000</ChargeAmount>
      <TotalNetAmount>200.000</TotalNetAmount>
      <RouteDetails>
        <CountryCode>IN</CountryCode>
      </RouteDetails>
      <ServiceProviderDetails>
        <MemberCode>6E</MemberCode>
        <NumericCustomerCode>0000000691</NumericCustomerCode>
        <ProductGroup>Lighting Charges</ProductGroup>
        <ProductName>MSA</ProductName>
        <ActivityDate>2019-04-05</ActivityDate>
        <StationCode>DXB</StationCode>
      </ServiceProviderDetails>
	  <Tax>
      	<TaxType>Tax</TaxType>
      	<TaxAmount>200</TaxAmount>
      	<TaxAmount>300</TaxAmount>
      </Tax>
      <Tax>
      	<TaxType>VAT</TaxType>
      	<TaxAmount>1000</TaxAmount>
      	<TaxAmount>2000</TaxAmount>
      </Tax>
	  <AddOnCharges>
      	<AddOnChargeAmount>250</AddOnChargeAmount>
      </AddOnCharges>
      <AddOnCharges>
      	<AddOnChargeAmount>150</AddOnChargeAmount>
      </AddOnCharges>
    </LineItemDetail>
    <InvoiceSummary>
      <Tax>
      	<TaxType>Tax</TaxType>
      	<TaxAmount>10</TaxAmount>
      	<TaxAmount>20</TaxAmount>
      </Tax>
      <Tax>
      	<TaxType>VAT</TaxType>
      	<TaxAmount>40</TaxAmount>
      	<TaxAmount>50</TaxAmount>
      </Tax>
      <AddOnCharges>
      	<AddOnChargeAmount>100</AddOnChargeAmount>
      </AddOnCharges>
      <AddOnCharges>
      	<AddOnChargeAmount>50</AddOnChargeAmount>
      </AddOnCharges>
	  <AttachmentCount>0</AttachmentCount>
      <LineItemCount>2</LineItemCount>
      <TotalLineItemAmount>111.000</TotalLineItemAmount>
      <TotalTaxAmount>2220.000</TotalTaxAmount>
      <TotalVATAmount>3330.000</TotalVATAmount>
      <TotalAmount>444.000</TotalAmount>
      <TotalAddOnChargeAmount>9999</TotalAddOnChargeAmount>
      <TotalAmountInClearanceCurrency>555.000</TotalAmountInClearanceCurrency>
    </InvoiceSummary>
  </Invoice>
  <TransmissionSummary>
    <InvoiceCount>1</InvoiceCount>
	<AttachmentCount>0</AttachmentCount>
    <TotalAmount CurrencyCode="USD">186</TotalAmount>
    <TotalTaxAmount CurrencyCode="USD">120.000</TotalTaxAmount>
    <TotalVATAmount CurrencyCode="USD">2120.000</TotalVATAmount>
	<TotalAddOnChargeAmount CurrencyCode="USD">3130.000</TotalAddOnChargeAmount>
  </TransmissionSummary>
</InvoiceTransmission>