<?xml version="1.0" encoding="UTF-8"?>
<InvoiceTransmission xsi:schemaLocation="http://www.IATA.com/IATAAviationInvoiceStandard http://www.iata.org/services/finance/sis/Documents/schemas/IATA_IS_XML_Invoice_Standard_V3.9.0.1.xsd" xmlns="http://www.IATA.com/IATAAviationInvoiceStandard" xmlns:xsi="http://www.w3.org/2001/XMLSchema-instance">
  <TransmissionHeader>
    <TransmissionDateTime>2019-04-25T04:18:45</TransmissionDateTime>
    <Version>IATA:ISXMLInvoiceV3.9.0.1</Version>
    <TransmissionID>793b3df6-61f4-44bb-bcfc-4a010865ef71</TransmissionID>
    <ReceivingOrganizationID>157</ReceivingOrganizationID>
    <BillingCategory>Miscellaneous</BillingCategory>
  </TransmissionHeader>
  <Invoice>
    <InvoiceHeader>
      <InvoiceNumber>AA123456</InvoiceNumber>
      <InvoiceDate>2019-04-28</InvoiceDate>
      <InvoiceType>Invoice</InvoiceType>
      <ChargeCategory>Ground Handling</ChargeCategory>
	  <LocationCode>BUE</LocationCode>
	  <TaxInvoiceNumber>TaxInv</TaxInvoiceNumber>
	  <TaxPointDate>2019-04-30</TaxPointDate>
      <SellerOrganization>
        <OrganizationID>176</OrganizationID>
        <OrganizationDesignator>EK</OrganizationDesignator>
        <LocationID>134</LocationID>
        <OrganizationName1>Emirates</OrganizationName1>
        <TaxRegistrationID>RPM Bruxelles</TaxRegistrationID>
        <CompanyRegistrationID>BE 0403 150 410</CompanyRegistrationID>
        <Address>
          <AddressLine1>Dnata</AddressLine1>
          <AddressLine2>EK Headquaters</AddressLine2>
          <AddressLine3>Dubai</AddressLine3>
          <CityName>DUBAI</CityName>
          <SubdivisionName>null</SubdivisionName>
          <CountryCode>AE</CountryCode>
          <CountryName>UAE</CountryName>
          <PostalCode>1515</PostalCode>
        </Address>
      </SellerOrganization>
      <BuyerOrganization>
        <OrganizationID>312</OrganizationID>
        <OrganizationDesignator>6E</OrganizationDesignator>
        <OrganizationName1>Indigo Airlines</OrganizationName1>
        <TaxRegistrationID>107510570RT0001</TaxRegistrationID>
        <AdditionalTaxRegistrationID>1006066123</AdditionalTaxRegistrationID>
        <Address>
          <AddressLine1>Indigo Airline</AddressLine1>
          <AddressLine2>Central Wing, Ground Floor, Thapar House,124, Janpath,</AddressLine2>
          <CityName>New Delhi</CityName>
          <SubdivisionName>Quebec</SubdivisionName>
          <CountryCode>IN</CountryCode>
          <CountryName>INDIA</CountryName>
          <PostalCode>110001</PostalCode>
        </Address>
      </BuyerOrganization>
      <PaymentTerms>
        <CurrencyCode>USD</CurrencyCode>
        <ClearanceCurrencyCode>INR</ClearanceCurrencyCode>
        <ExchangeRate>1.55000</ExchangeRate>
        <SettlementMonthPeriod>190402</SettlementMonthPeriod>
        <SettlementMethod>I</SettlementMethod>
      </PaymentTerms>
      <ISDetails>
        <DigitalSignatureFlag>D</DigitalSignatureFlag>
        <RejectionFlag>Y</RejectionFlag>
		<SuspendedFlag>Y</SuspendedFlag>
		<ISValidationFlag>Y</ISValidationFlag>
		<CorrespondenceFlag>Y</CorrespondenceFlag>
		<CorrespondenceDetails>
        	<InvoiceNumber>CorInv20</InvoiceNumber>
			<AuthorityToBillFlag>Y</AuthorityToBillFlag>
			<CorrespondenceRefNumber>1</CorrespondenceRefNumber>
        </CorrespondenceDetails>
        <RejectedInvoiceDetails>
        	<SettlementMonthPeriod>190804</SettlementMonthPeriod>
			<RejectionStage>1</RejectionStage>
        </RejectedInvoiceDetails>
      </ISDetails>
	  <PONumber>PO12345</PONumber>
      <InvoiceTemplateLanguage>EN</InvoiceTemplateLanguage>
      <Notes Type="Affiliate">XB/0000000691</Notes>
	  <Layout>
      	<Description>Layout desc</Description>
      </Layout>
    </InvoiceHeader>
    <LineItem>
      <LineItemNumber>1</LineItemNumber>
	  <POLineItemNumber>12</POLineItemNumber>
      <ChargeCode>Catering</ChargeCode>
      <Description>Catering Charges</Description>
      <ProductID>50038</ProductID>
      <StartDate>2019-04-01</StartDate>
      <EndDate>2019-04-07</EndDate>
      <LocationCode>DXB</LocationCode>
	  <RejectionReasonCode>RC</RejectionReasonCode>
      <Quantity UOMCode="EA">5</Quantity>
      <UnitPrice SF="1">500</UnitPrice>    
	  <ChargeAmount>2500</ChargeAmount>
	  <Tax>
		<TaxType>Tax</TaxType>
		<TaxSubType>LI-TaxSub1</TaxSubType>
		<TaxCategory>Higher</TaxCategory>
		<TaxText>LI-Catering Tax Details 1</TaxText>
		<TaxPercent>15</TaxPercent>
		<TaxableAmount>1000</TaxableAmount>
		<TaxAmount>150</TaxAmount>
		<TaxLevel>Line Item</TaxLevel>
	  </Tax>
	  <Tax>
		<TaxType>Tax</TaxType>
		<TaxSubType>LI-TaxSub2</TaxSubType>
		<TaxCategory>Zero</TaxCategory>
		<TaxText>LI-Catering Tax Details 2</TaxText>
		<TaxPercent>20</TaxPercent>
		<TaxableAmount>2000</TaxableAmount>
		<TaxAmount>400</TaxAmount>
		<TaxLevel>Line Item</TaxLevel>
	  </Tax>	  
	  <Tax>
		<TaxType>VAT</TaxType>
		<TaxSubType>LI-VatSub1-Comm</TaxSubType>
		<TaxCategory>Standard</TaxCategory>
		<TaxText>LI1-Catering Vat Details 1</TaxText>
		<TaxPercent>10</TaxPercent>
		<TaxableAmount>2000</TaxableAmount>
		<TaxAmount>200</TaxAmount>
	  </Tax>
	  <Tax>
		<TaxType>VAT</TaxType>
		<TaxSubType>LI-VatSub2-Comm</TaxSubType>
		<TaxCategory>Standard</TaxCategory>
		<TaxText>LI1-Catering Vat Details 2</TaxText>
		<TaxPercent>5</TaxPercent>
		<TaxableAmount>1500</TaxableAmount>
		<TaxAmount>75</TaxAmount>
	  </Tax>
	  <AddOnCharges>		
		<AddOnChargeName>UATPAllowed</AddOnChargeName>
		<AddOnChargePercentage>10</AddOnChargePercentage>
		<AddOnChargeableAmount>1000</AddOnChargeableAmount>
		<AddOnChargeAmount>100</AddOnChargeAmount>
	  </AddOnCharges>
	  <AddOnCharges>
		<AddOnChargeName>ISCAccepted</AddOnChargeName>
		<AddOnChargePercentage>20</AddOnChargePercentage>
		<AddOnChargeableAmount>2000</AddOnChargeableAmount>
		<AddOnChargeAmount>400</AddOnChargeAmount>
	  </AddOnCharges>
      <TotalTaxAmount>550</TotalTaxAmount>
      <TotalVATAmount>275</TotalVATAmount>
      <TotalAddOnChargeAmount>500</TotalAddOnChargeAmount>
	  <TotalNetAmount>3825</TotalNetAmount>
	  <OriginalLineItemNumber>10</OriginalLineItemNumber>
      <DetailCount>30</DetailCount>
    </LineItem>	
    <LineItemDetail>
      <DetailNumber>1</DetailNumber>
      <LineItemNumber>1</LineItemNumber>
      <Description>Catering Charges</Description>
      <ProductID>50038</ProductID>
      <StartDate>2019-04-01</StartDate>
      <EndDate>2019-04-07</EndDate>
	  <MinimumQuantityFlag>Y</MinimumQuantityFlag>
      <Quantity UOMCode="EA">10</Quantity>
      <UnitPrice SF="1">200</UnitPrice>
      <ChargeAmount>2000</ChargeAmount>
 	  <Tax>
		<TaxType>Tax</TaxType>
		<TaxSubType>LID1-TaxSub2</TaxSubType>
		<TaxCategory>Lower</TaxCategory>
		<TaxText>LID1-Lower Tax Details 1</TaxText>
		<TaxPercent>25</TaxPercent>
		<TaxableAmount>2000</TaxableAmount>
		<TaxAmount>500</TaxAmount>
		<TaxLevel>Detail</TaxLevel>
	  </Tax>
	  <Tax>
		<TaxType>Tax</TaxType>
		<TaxSubType>LID1-TaxSub2</TaxSubType>
		<TaxCategory>Standard</TaxCategory>
		<TaxText>LID1-Standard Tax Details 2</TaxText>
		<TaxPercent>20</TaxPercent>
		<TaxableAmount>4000</TaxableAmount>
		<TaxAmount>800</TaxAmount>
		<TaxLevel>Detail</TaxLevel>
	  </Tax>	  
	  <Tax>
		<TaxType>VAT</TaxType>
		<TaxSubType>LID1-VatSub1</TaxSubType>
		<TaxCategory>Exempt</TaxCategory>
		<TaxText>LID1-Exempt Vat Details 1</TaxText>
		<TaxPercent>10</TaxPercent>
		<TaxableAmount>6000</TaxableAmount>
		<TaxAmount>600</TaxAmount>
	  </Tax>
	  <Tax>
		<TaxType>VAT</TaxType>
		<TaxSubType>LID1-atSub2</TaxSubType>
		<TaxCategory>Zero</TaxCategory>
		<TaxText>LID1-Zero Vat Details 2</TaxText>
		<TaxPercent>30</TaxPercent>
		<TaxableAmount>5000</TaxableAmount>
		<TaxAmount>1500</TaxAmount>
	  </Tax>
	  <AddOnCharges>		
		<AddOnChargeName>UATPAllowed</AddOnChargeName>
		<AddOnChargePercentage>20</AddOnChargePercentage>
		<AddOnChargeableAmount>1000</AddOnChargeableAmount>
		<AddOnChargeAmount>200</AddOnChargeAmount>
	  </AddOnCharges>
	  <AddOnCharges>
		<AddOnChargeName>ISCAccepted</AddOnChargeName>
		<AddOnChargePercentage>30</AddOnChargePercentage>
		<AddOnChargeableAmount>2000</AddOnChargeableAmount>
		<AddOnChargeAmount>600</AddOnChargeAmount>
	  </AddOnCharges>
	  <TotalNetAmount>6200</TotalNetAmount>
    </LineItemDetail>
    <InvoiceSummary>
 	  <Tax>
		<TaxType>Tax</TaxType>
		<TaxSubType>Inv-TaxSub1</TaxSubType>
		<TaxCategory>Zero</TaxCategory>
		<TaxText>Invoice Tax Details 1</TaxText>
		<TaxPercent>10</TaxPercent>
		<TaxableAmount>4000</TaxableAmount>
		<TaxAmount>400</TaxAmount>
		<TaxLevel>Invoice</TaxLevel>
	  </Tax>
	  <Tax>
		<TaxType>Tax</TaxType>
		<TaxSubType>Inv-TaxSub2</TaxSubType>
		<TaxCategory>Exempt</TaxCategory>
		<TaxText>Invoice Tax Details 2</TaxText>
		<TaxPercent>30</TaxPercent>
		<TaxableAmount>1000</TaxableAmount>
		<TaxAmount>300</TaxAmount>
		<TaxLevel>Invoice</TaxLevel>
	  </Tax>	  
	  <Tax>
		<TaxType>VAT</TaxType>
		<TaxSubType>Inv-VatSub1</TaxSubType>
		<TaxCategory>Standard</TaxCategory>
		<TaxText>Invoice-Vat Details 1</TaxText>
		<TaxPercent>10</TaxPercent>
		<TaxableAmount>5000</TaxableAmount>
		<TaxAmount>500</TaxAmount>
	  </Tax>
	  <Tax>
		<TaxType>VAT</TaxType>
		<TaxSubType>Invoice-VatSub2</TaxSubType>
		<TaxCategory>Higher</TaxCategory>
		<TaxText>Invoice-Vat Details 2</TaxText>
		<TaxPercent>5</TaxPercent>
		<TaxableAmount>6000</TaxableAmount>
		<TaxAmount>300</TaxAmount>
	  </Tax>
	  <AddOnCharges>		
		<AddOnChargeName>UATPAllowed</AddOnChargeName>
		<AddOnChargePercentage>10</AddOnChargePercentage>
		<AddOnChargeableAmount>3000</AddOnChargeableAmount>
		<AddOnChargeAmount>300</AddOnChargeAmount>
	  </AddOnCharges>
	  <AddOnCharges>
		<AddOnChargeName>ISCAccepted</AddOnChargeName>
		<AddOnChargePercentage>25</AddOnChargePercentage>
		<AddOnChargeableAmount>4000</AddOnChargeableAmount>
		<AddOnChargeAmount>1000</AddOnChargeAmount>
	  </AddOnCharges>
	  <AttachmentCount>0</AttachmentCount>
      <LineItemCount>1</LineItemCount>
      <TotalLineItemAmount>3825</TotalLineItemAmount>
      <TotalTaxAmount>2550</TotalTaxAmount>
      <TotalVATAmount>3175</TotalVATAmount>
      <TotalAddOnChargeAmount>2600</TotalAddOnChargeAmount>
	  <TotalAmount>12825</TotalAmount>      
      <TotalAmountInClearanceCurrency>100</TotalAmountInClearanceCurrency>
    </InvoiceSummary>
  </Invoice>
  <Invoice>
    <InvoiceHeader>
      <InvoiceNumber>BB123456</InvoiceNumber>
      <InvoiceDate>2019-02-20</InvoiceDate>
      <InvoiceType>Invoice</InvoiceType>
      <ChargeCategory>Engineering</ChargeCategory>
	  <LocationCode>AMS</LocationCode>
	  <TaxInvoiceNumber>AirInvNo</TaxInvoiceNumber>
	  <TaxPointDate>2019-06-20</TaxPointDate>
      <SellerOrganization>
        <OrganizationID>176</OrganizationID>
        <OrganizationDesignator>EK</OrganizationDesignator>
        <LocationID>134</LocationID>
        <OrganizationName1>Emirates</OrganizationName1>
        <TaxRegistrationID>RPM Bruxelles</TaxRegistrationID>
        <CompanyRegistrationID>BE 0403 150 410</CompanyRegistrationID>
        <Address>
          <AddressLine1>Dnata</AddressLine1>
          <AddressLine2>EK Headquaters</AddressLine2>
          <AddressLine3>Dubai</AddressLine3>
          <CityName>DUBAI</CityName>
          <SubdivisionName>null</SubdivisionName>
          <CountryCode>AE</CountryCode>
          <CountryName>UAE</CountryName>
          <PostalCode>1515</PostalCode>
        </Address>
      </SellerOrganization>
      <BuyerOrganization>
        <OrganizationID>312</OrganizationID>
        <OrganizationDesignator>6E</OrganizationDesignator>
        <OrganizationName1>Indigo Airlines</OrganizationName1>
        <TaxRegistrationID>107510570RT0001</TaxRegistrationID>
        <AdditionalTaxRegistrationID>1006066123</AdditionalTaxRegistrationID>
        <Address>
          <AddressLine1>Indigo Airline</AddressLine1>
          <AddressLine2>Central Wing, Ground Floor, Thapar House,124, Janpath,</AddressLine2>
          <CityName>New Delhi</CityName>
          <SubdivisionName>Quebec</SubdivisionName>
          <CountryCode>IN</CountryCode>
          <CountryName>INDIA</CountryName>
          <PostalCode>110001</PostalCode>
        </Address>
      </BuyerOrganization>
      <PaymentTerms>
        <CurrencyCode>USD</CurrencyCode>
        <ClearanceCurrencyCode>INR</ClearanceCurrencyCode>
        <ExchangeRate>1.55000</ExchangeRate>
        <SettlementMonthPeriod>190402</SettlementMonthPeriod>
        <SettlementMethod>I</SettlementMethod>
      </PaymentTerms>
      <ISDetails>
        <DigitalSignatureFlag>D</DigitalSignatureFlag>
        <RejectionFlag>Y</RejectionFlag>
		<SuspendedFlag>Y</SuspendedFlag>
		<ISValidationFlag>Y</ISValidationFlag>
		<CorrespondenceFlag>Y</CorrespondenceFlag>
		<CorrespondenceDetails>
        	<InvoiceNumber>CorInvII</InvoiceNumber>
			<AuthorityToBillFlag>Y</AuthorityToBillFlag>
			<CorrespondenceRefNumber>1</CorrespondenceRefNumber>
        </CorrespondenceDetails>
        <RejectedInvoiceDetails>
        	<SettlementMonthPeriod>190804</SettlementMonthPeriod>
			<RejectionStage>1</RejectionStage>
        </RejectedInvoiceDetails>
      </ISDetails>
	  <PONumber>PO12345</PONumber>
      <InvoiceTemplateLanguage>EN</InvoiceTemplateLanguage>
      <Notes Type="Affiliate">XB/0000000691</Notes>
	  <Layout>
      	<Description>Layout desc</Description>
      </Layout>
    </InvoiceHeader>
    <LineItem>
      <LineItemNumber>1</LineItemNumber>
	  <POLineItemNumber>12</POLineItemNumber>
      <ChargeCode>Lease</ChargeCode>
      <Description>Lease Charges</Description>
      <ProductID>30038</ProductID>
      <StartDate>2019-01-01</StartDate>
      <EndDate>2019-06-07</EndDate>
      <LocationCode>DXB</LocationCode>
	  <RejectionReasonCode>RC</RejectionReasonCode>
      <Quantity UOMCode="EA">5</Quantity>
      <UnitPrice SF="1">500</UnitPrice>    
	  <ChargeAmount>2500</ChargeAmount>
	  <Tax>
		<TaxType>Tax</TaxType>
		<TaxSubType>LI-TaxSub1</TaxSubType>
		<TaxCategory>Higher</TaxCategory>
		<TaxText>LI-Lease Tax Details 1</TaxText>
		<TaxPercent>20</TaxPercent>
		<TaxableAmount>1000</TaxableAmount>
		<TaxAmount>200</TaxAmount>
		<TaxLevel>Line Item</TaxLevel>
	  </Tax>
	  <Tax>
		<TaxType>Tax</TaxType>
		<TaxSubType>LI-TaxSub2</TaxSubType>
		<TaxCategory>Zero</TaxCategory>
		<TaxText>LI-Lease Tax Details 2</TaxText>
		<TaxPercent>30</TaxPercent>
		<TaxableAmount>3000</TaxableAmount>
		<TaxAmount>900</TaxAmount>
		<TaxLevel>Line Item</TaxLevel>
	  </Tax>	  
	  <Tax>
		<TaxType>VAT</TaxType>
		<TaxSubType>LI-VatSub1-Comm</TaxSubType>
		<TaxCategory>Standard</TaxCategory>
		<TaxText>LI1-Lease Vat Details 1</TaxText>
		<TaxPercent>20</TaxPercent>
		<TaxableAmount>2000</TaxableAmount>
		<TaxAmount>400</TaxAmount>
	  </Tax>
	  <Tax>
		<TaxType>VAT</TaxType>
		<TaxSubType>LI-VatSub2-Comm</TaxSubType>
		<TaxCategory>Standard</TaxCategory>
		<TaxText>LI1-Lease Vat Details 2</TaxText>
		<TaxPercent>10</TaxPercent>
		<TaxableAmount>1500</TaxableAmount>
		<TaxAmount>150</TaxAmount>
	  </Tax>
	  <AddOnCharges>		
		<AddOnChargeName>UATPAllowed</AddOnChargeName>
		<AddOnChargePercentage>15</AddOnChargePercentage>
		<AddOnChargeableAmount>1000</AddOnChargeableAmount>
		<AddOnChargeAmount>150</AddOnChargeAmount>
	  </AddOnCharges>
	  <AddOnCharges>
		<AddOnChargeName>ISCAccepted</AddOnChargeName>
		<AddOnChargePercentage>25</AddOnChargePercentage>
		<AddOnChargeableAmount>2000</AddOnChargeableAmount>
		<AddOnChargeAmount>500</AddOnChargeAmount>
	  </AddOnCharges>
      <TotalTaxAmount>550</TotalTaxAmount>
      <TotalVATAmount>275</TotalVATAmount>
      <TotalAddOnChargeAmount>500</TotalAddOnChargeAmount>
	  <TotalNetAmount>3825</TotalNetAmount>
	  <OriginalLineItemNumber>10</OriginalLineItemNumber>
      <DetailCount>30</DetailCount>
    </LineItem>	
    <LineItemDetail>
      <DetailNumber>1</DetailNumber>
      <LineItemNumber>1</LineItemNumber>
      <Description>Lease Charges</Description>
      <ProductID>90038</ProductID>
      <StartDate>2019-03-11</StartDate>
      <EndDate>2019-05-17</EndDate>
	  <MinimumQuantityFlag>Y</MinimumQuantityFlag>
      <Quantity UOMCode="EA">30</Quantity>
      <UnitPrice SF="1">200</UnitPrice>
      <ChargeAmount>6000</ChargeAmount>
 	  <Tax>
		<TaxType>Tax</TaxType>
		<TaxSubType>LID1-TaxSub2</TaxSubType>
		<TaxCategory>Lower</TaxCategory>
		<TaxText>LID1-Lower Tax Details 1</TaxText>
		<TaxPercent>25</TaxPercent>
		<TaxableAmount>4000</TaxableAmount>
		<TaxAmount>1000</TaxAmount>
		<TaxLevel>Detail</TaxLevel>
	  </Tax>
	  <Tax>
		<TaxType>Tax</TaxType>
		<TaxSubType>LID1-TaxSub2</TaxSubType>
		<TaxCategory>Standard</TaxCategory>
		<TaxText>LID1-Standard Tax Details 2</TaxText>
		<TaxPercent>30</TaxPercent>
		<TaxableAmount>4000</TaxableAmount>
		<TaxAmount>1200</TaxAmount>
		<TaxLevel>Detail</TaxLevel>
	  </Tax>	  
	  <Tax>
		<TaxType>VAT</TaxType>
		<TaxSubType>LID1-VatSub1</TaxSubType>
		<TaxCategory>Exempt</TaxCategory>
		<TaxText>LID1-Exempt Vat Details 1</TaxText>
		<TaxPercent>20</TaxPercent>
		<TaxableAmount>6000</TaxableAmount>
		<TaxAmount>1200</TaxAmount>
	  </Tax>
	  <Tax>
		<TaxType>VAT</TaxType>
		<TaxSubType>LID1-atSub2</TaxSubType>
		<TaxCategory>Zero</TaxCategory>
		<TaxText>LID1-Zero Vat Details 2</TaxText>
		<TaxPercent>30</TaxPercent>
		<TaxableAmount>5000</TaxableAmount>
		<TaxAmount>1500</TaxAmount>
	  </Tax>
	  <AddOnCharges>		
		<AddOnChargeName>UATPAllowed</AddOnChargeName>
		<AddOnChargePercentage>20</AddOnChargePercentage>
		<AddOnChargeableAmount>1000</AddOnChargeableAmount>
		<AddOnChargeAmount>200</AddOnChargeAmount>
	  </AddOnCharges>
	  <AddOnCharges>
		<AddOnChargeName>ISCAccepted</AddOnChargeName>
		<AddOnChargePercentage>30</AddOnChargePercentage>
		<AddOnChargeableAmount>2000</AddOnChargeableAmount>
		<AddOnChargeAmount>600</AddOnChargeAmount>
	  </AddOnCharges>
	  <TotalNetAmount>6200</TotalNetAmount>
    </LineItemDetail>
    <InvoiceSummary>
 	  <Tax>
		<TaxType>Tax</TaxType>
		<TaxSubType>Inv-TaxSub1</TaxSubType>
		<TaxCategory>Zero</TaxCategory>
		<TaxText>Invoice Tax Details 1</TaxText>
		<TaxPercent>20</TaxPercent>
		<TaxableAmount>4000</TaxableAmount>
		<TaxAmount>800</TaxAmount>
		<TaxLevel>Invoice</TaxLevel>
	  </Tax>
	  <Tax>
		<TaxType>Tax</TaxType>
		<TaxSubType>Inv-TaxSub2</TaxSubType>
		<TaxCategory>Exempt</TaxCategory>
		<TaxText>Invoice Tax Details 2</TaxText>
		<TaxPercent>30</TaxPercent>
		<TaxableAmount>2000</TaxableAmount>
		<TaxAmount>600</TaxAmount>
		<TaxLevel>Invoice</TaxLevel>
	  </Tax>	  
	  <Tax>
		<TaxType>VAT</TaxType>
		<TaxSubType>Inv-VatSub1</TaxSubType>
		<TaxCategory>Standard</TaxCategory>
		<TaxText>Invoice-Vat Details 1</TaxText>
		<TaxPercent>20</TaxPercent>
		<TaxableAmount>5000</TaxableAmount>
		<TaxAmount>1000</TaxAmount>
	  </Tax>
	  <Tax>
		<TaxType>VAT</TaxType>
		<TaxSubType>Invoice-VatSub2</TaxSubType>
		<TaxCategory>Higher</TaxCategory>
		<TaxText>Invoice-Vat Details 2</TaxText>
		<TaxPercent>10</TaxPercent>
		<TaxableAmount>6000</TaxableAmount>
		<TaxAmount>600</TaxAmount>
	  </Tax>
	  <AddOnCharges>		
		<AddOnChargeName>UATPAllowed</AddOnChargeName>
		<AddOnChargePercentage>20</AddOnChargePercentage>
		<AddOnChargeableAmount>3000</AddOnChargeableAmount>
		<AddOnChargeAmount>600</AddOnChargeAmount>
	  </AddOnCharges>
	  <AddOnCharges>
		<AddOnChargeName>ISCAccepted</AddOnChargeName>
		<AddOnChargePercentage>20</AddOnChargePercentage>
		<AddOnChargeableAmount>6000</AddOnChargeableAmount>
		<AddOnChargeAmount>1200</AddOnChargeAmount>
	  </AddOnCharges>
	  <AttachmentCount>0</AttachmentCount>
      <LineItemCount>1</LineItemCount>
      <TotalLineItemAmount>3825</TotalLineItemAmount>
      <TotalTaxAmount>700</TotalTaxAmount>
      <TotalVATAmount>800</TotalVATAmount>
      <TotalAddOnChargeAmount>1300</TotalAddOnChargeAmount>
	  <TotalAmount>6625</TotalAmount>      
      <TotalAmountInClearanceCurrency>100</TotalAmountInClearanceCurrency>
    </InvoiceSummary>
  </Invoice> 
  <TransmissionSummary>
    <InvoiceCount>1</InvoiceCount>
	<AttachmentCount>0</AttachmentCount>
    <TotalAmount CurrencyCode="USD">6625</TotalAmount>
    <TotalTaxAmount CurrencyCode="USD">700</TotalTaxAmount>
    <TotalVATAmount CurrencyCode="USD">800</TotalVATAmount>
	<TotalAddOnChargeAmount CurrencyCode="USD">1300</TotalAddOnChargeAmount>
  </TransmissionSummary>
</InvoiceTransmission>