<?xml version="1.0" encoding="UTF-8"?>
<InvoiceTransmission xsi:schemaLocation="http://www.IATA.com/IATAAviationInvoiceStandard http://www.iata.org/services/finance/sis/Documents/schemas/IATA_IS_XML_Invoice_Standard_V3.9.0.1.xsd" xmlns="http://www.IATA.com/IATAAviationInvoiceStandard" xmlns:xsi="http://www.w3.org/2001/XMLSchema-instance">
  <TransmissionHeader>
    <TransmissionDateTime>2019-04-25T04:18:45</TransmissionDateTime>
    <Version>IATA:ISXMLInvoiceV3.9.0.1</Version>
    <TransmissionID>793b3df6-61f4-44bb-bcfc-4a010865ef71</TransmissionID>
    <ReceivingOrganizationID>157</ReceivingOrganizationID>
    <BillingCategory>Miscellaneous</BillingCategory>
  </TransmissionHeader>
  <Invoice>
    <InvoiceHeader>
      <InvoiceNumber>BPP12345</InvoiceNumber>
      <InvoiceDate>2019-04-28</InvoiceDate>
      <InvoiceType>Invoice</InvoiceType>
      <ChargeCategory>Ground Handling</ChargeCategory>
	  <LocationCode>BUE</LocationCode>
	  <TaxInvoiceNumber>TaxInv</TaxInvoiceNumber>
	  <TaxPointDate>2019-04-30</TaxPointDate>
      <SellerOrganization>
        <OrganizationID>176</OrganizationID>
        <OrganizationDesignator>EK</OrganizationDesignator>
        <LocationID>134</LocationID>
        <OrganizationName1>Emirates</OrganizationName1>
        <TaxRegistrationID>RPM Bruxelles</TaxRegistrationID>
        <CompanyRegistrationID>BE 0403 150 410</CompanyRegistrationID>
        <Address>
          <AddressLine1>Dnata</AddressLine1>
          <AddressLine2>EK Headquaters</AddressLine2>
          <AddressLine3>Dubai</AddressLine3>
          <CityName>DUBAI</CityName>
          <SubdivisionName>null</SubdivisionName>
          <CountryCode>AE</CountryCode>
          <CountryName>UAE</CountryName>
          <PostalCode>1515</PostalCode>
        </Address>
      </SellerOrganization>
      <BuyerOrganization>
        <OrganizationID>312</OrganizationID>
        <OrganizationDesignator>6E</OrganizationDesignator>
        <OrganizationName1>Indigo Airlines</OrganizationName1>
        <TaxRegistrationID>107510570RT0001</TaxRegistrationID>
        <AdditionalTaxRegistrationID>1006066123</AdditionalTaxRegistrationID>
        <Address>
          <AddressLine1>Indigo Airline</AddressLine1>
          <AddressLine2>Central Wing, Ground Floor, Thapar House,124, Janpath,</AddressLine2>
          <CityName>New Delhi</CityName>
          <SubdivisionName>Quebec</SubdivisionName>
          <CountryCode>IN</CountryCode>
          <CountryName>INDIA</CountryName>
          <PostalCode>110001</PostalCode>
        </Address>
      </BuyerOrganization>
      <PaymentTerms>
        <CurrencyCode>USD</CurrencyCode>
        <ClearanceCurrencyCode>INR</ClearanceCurrencyCode>
        <ExchangeRate>1.55000</ExchangeRate>
        <SettlementMonthPeriod>190402</SettlementMonthPeriod>
        <SettlementMethod>I</SettlementMethod>
      </PaymentTerms>
      <ISDetails>
        <DigitalSignatureFlag>D</DigitalSignatureFlag>
        <RejectionFlag>Y</RejectionFlag>
		<SuspendedFlag>Y</SuspendedFlag>
		<ISValidationFlag>Y</ISValidationFlag>
		<CorrespondenceFlag>Y</CorrespondenceFlag>
		<CorrespondenceDetails>
        	<InvoiceNumber>CorInv20</InvoiceNumber>
			<AuthorityToBillFlag>Y</AuthorityToBillFlag>
			<CorrespondenceRefNumber>1</CorrespondenceRefNumber>
        </CorrespondenceDetails>
        <RejectedInvoiceDetails>
        	<SettlementMonthPeriod>190804</SettlementMonthPeriod>
			<RejectionStage>1</RejectionStage>
        </RejectedInvoiceDetails>
      </ISDetails>
	  <PONumber>PO12345</PONumber>
      <InvoiceTemplateLanguage>EN</InvoiceTemplateLanguage>
      <Notes Type="Affiliate">XB/0000000691</Notes>
	  <Layout>
      	<Description>Layout desc</Description>
      </Layout>
    </InvoiceHeader>
    <LineItem>
      <LineItemNumber>1</LineItemNumber>
	  <POLineItemNumber>12</POLineItemNumber>
      <ChargeCode>Catering</ChargeCode>
      <Description>Catering Charges</Description>
      <ProductID>50038</ProductID>
      <StartDate>2019-04-01</StartDate>
      <EndDate>2019-04-07</EndDate>
      <LocationCode>DXB</LocationCode>
	  <RejectionReasonCode>RC</RejectionReasonCode>
      <Quantity UOMCode="EA">5</Quantity>
      <UnitPrice SF="1">500</UnitPrice>    
	  <ChargeAmount>2500</ChargeAmount>
	  <Tax>
		<TaxType>Tax</TaxType>
		<TaxSubType>LI-TaxSub1</TaxSubType>
		<TaxCategory>Higher</TaxCategory>
		<TaxText>LI-Catering Tax Details 1</TaxText>
		<TaxPercent>15</TaxPercent>
		<TaxableAmount>1000</TaxableAmount>
		<TaxAmount>150</TaxAmount>
		<TaxLevel>Line Item</TaxLevel>
	  </Tax>
	  <Tax>
		<TaxType>Tax</TaxType>
		<TaxSubType>LI-TaxSub2</TaxSubType>
		<TaxCategory>Zero</TaxCategory>
		<TaxText>LI-Catering Tax Details 2</TaxText>
		<TaxPercent>20</TaxPercent>
		<TaxableAmount>2000</TaxableAmount>
		<TaxAmount>400</TaxAmount>
		<TaxLevel>Line Item</TaxLevel>
	  </Tax>	  
	  <Tax>
		<TaxType>VAT</TaxType>
		<TaxSubType>LI-VatSub1-Comm</TaxSubType>
		<TaxCategory>Standard</TaxCategory>
		<TaxText>LI1-Catering Vat Details 1</TaxText>
		<TaxPercent>10</TaxPercent>
		<TaxableAmount>2000</TaxableAmount>
		<TaxAmount>200</TaxAmount>
	  </Tax>
	  <Tax>
		<TaxType>VAT</TaxType>
		<TaxSubType>LI-VatSub2-Comm</TaxSubType>
		<TaxCategory>Standard</TaxCategory>
		<TaxText>LI1-Catering Vat Details 2</TaxText>
		<TaxPercent>5</TaxPercent>
		<TaxableAmount>1500</TaxableAmount>
		<TaxAmount>75</TaxAmount>
	  </Tax>
	  <AddOnCharges>		
		<AddOnChargeName>UATPAllowed</AddOnChargeName>
		<AddOnChargePercentage>10</AddOnChargePercentage>
		<AddOnChargeableAmount>1000</AddOnChargeableAmount>
		<AddOnChargeAmount>100</AddOnChargeAmount>
	  </AddOnCharges>
	  <AddOnCharges>
		<AddOnChargeName>ISCAccepted</AddOnChargeName>
		<AddOnChargePercentage>20</AddOnChargePercentage>
		<AddOnChargeableAmount>2000</AddOnChargeableAmount>
		<AddOnChargeAmount>400</AddOnChargeAmount>
	  </AddOnCharges>
      <TotalTaxAmount>550</TotalTaxAmount>
      <TotalVATAmount>275</TotalVATAmount>
      <TotalAddOnChargeAmount>500</TotalAddOnChargeAmount>
	  <TotalNetAmount>3825</TotalNetAmount>
	  <OriginalLineItemNumber>10</OriginalLineItemNumber>
      <DetailCount>30</DetailCount>
    </LineItem>	
    <LineItemDetail>
      <DetailNumber>1</DetailNumber>
      <LineItemNumber>1</LineItemNumber>
      <Description>Catering Charges</Description>
      <ProductID>50038</ProductID>
      <StartDate>2019-04-01</StartDate>
      <EndDate>2019-04-07</EndDate>
	  <MinimumQuantityFlag>Y</MinimumQuantityFlag>
      <Quantity UOMCode="EA">10</Quantity>
      <UnitPrice SF="1">200</UnitPrice>
      <ChargeAmount>2000</ChargeAmount>
 	  <Tax>
		<TaxType>Tax</TaxType>
		<TaxSubType>LID1-TaxSub2</TaxSubType>
		<TaxCategory>Lower</TaxCategory>
		<TaxText>LID1-Lower Tax Details 1</TaxText>
		<TaxPercent>25</TaxPercent>
		<TaxableAmount>2000</TaxableAmount>
		<TaxAmount>500</TaxAmount>
		<TaxLevel>Detail</TaxLevel>
	  </Tax>
	  <Tax>
		<TaxType>Tax</TaxType>
		<TaxSubType>LID1-TaxSub2</TaxSubType>
		<TaxCategory>Standard</TaxCategory>
		<TaxText>LID1-Standard Tax Details 2</TaxText>
		<TaxPercent>20</TaxPercent>
		<TaxableAmount>4000</TaxableAmount>
		<TaxAmount>800</TaxAmount>
		<TaxLevel>Detail</TaxLevel>
	  </Tax>	  
	  <Tax>
		<TaxType>VAT</TaxType>
		<TaxSubType>LID1-VatSub1</TaxSubType>
		<TaxCategory>Exempt</TaxCategory>
		<TaxText>LID1-Exempt Vat Details 1</TaxText>
		<TaxPercent>10</TaxPercent>
		<TaxableAmount>6000</TaxableAmount>
		<TaxAmount>600</TaxAmount>
	  </Tax>
	  <Tax>
		<TaxType>VAT</TaxType>
		<TaxSubType>LID1-atSub2</TaxSubType>
		<TaxCategory>Zero</TaxCategory>
		<TaxText>LID1-Zero Vat Details 2</TaxText>
		<TaxPercent>30</TaxPercent>
		<TaxableAmount>5000</TaxableAmount>
		<TaxAmount>1500</TaxAmount>
	  </Tax>
	  <AddOnCharges>		
		<AddOnChargeName>UATPAllowed</AddOnChargeName>
		<AddOnChargePercentage>20</AddOnChargePercentage>
		<AddOnChargeableAmount>1000</AddOnChargeableAmount>
		<AddOnChargeAmount>200</AddOnChargeAmount>
	  </AddOnCharges>
	  <AddOnCharges>
		<AddOnChargeName>ISCAccepted</AddOnChargeName>
		<AddOnChargePercentage>30</AddOnChargePercentage>
		<AddOnChargeableAmount>2000</AddOnChargeableAmount>
		<AddOnChargeAmount>600</AddOnChargeAmount>
	  </AddOnCharges>
	  <TotalNetAmount>6200</TotalNetAmount>
    </LineItemDetail>
    <InvoiceSummary>
 	  <Tax>
		<TaxType>Tax</TaxType>
		<TaxSubType>Inv-TaxSub1</TaxSubType>
		<TaxCategory>Zero</TaxCategory>
		<TaxText>Invoice Tax Details 1</TaxText>
		<TaxPercent>10</TaxPercent>
		<TaxableAmount>4000</TaxableAmount>
		<TaxAmount>400</TaxAmount>
		<TaxLevel>Invoice</TaxLevel>
	  </Tax>
	  <Tax>
		<TaxType>Tax</TaxType>
		<TaxSubType>Inv-TaxSub2</TaxSubType>
		<TaxCategory>Exempt</TaxCategory>
		<TaxText>Invoice Tax Details 2</TaxText>
		<TaxPercent>30</TaxPercent>
		<TaxableAmount>1000</TaxableAmount>
		<TaxAmount>300</TaxAmount>
		<TaxLevel>Invoice</TaxLevel>
	  </Tax>	  
	  <Tax>
		<TaxType>VAT</TaxType>
		<TaxSubType>Inv-VatSub1</TaxSubType>
		<TaxCategory>Standard</TaxCategory>
		<TaxText>Invoice-Vat Details 1</TaxText>
		<TaxPercent>10</TaxPercent>
		<TaxableAmount>5000</TaxableAmount>
		<TaxAmount>500</TaxAmount>
	  </Tax>
	  <Tax>
		<TaxType>VAT</TaxType>
		<TaxSubType>Invoice-VatSub2</TaxSubType>
		<TaxCategory>Higher</TaxCategory>
		<TaxText>Invoice-Vat Details 2</TaxText>
		<TaxPercent>5</TaxPercent>
		<TaxableAmount>6000</TaxableAmount>
		<TaxAmount>300</TaxAmount>
	  </Tax>
	  <AddOnCharges>		
		<AddOnChargeName>UATPAllowed</AddOnChargeName>
		<AddOnChargePercentage>10</AddOnChargePercentage>
		<AddOnChargeableAmount>3000</AddOnChargeableAmount>
		<AddOnChargeAmount>300</AddOnChargeAmount>
	  </AddOnCharges>
	  <AddOnCharges>
		<AddOnChargeName>ISCAccepted</AddOnChargeName>
		<AddOnChargePercentage>25</AddOnChargePercentage>
		<AddOnChargeableAmount>4000</AddOnChargeableAmount>
		<AddOnChargeAmount>1000</AddOnChargeAmount>
	  </AddOnCharges>
	  <AttachmentCount>0</AttachmentCount>
      <LineItemCount>1</LineItemCount>
      <TotalLineItemAmount>3825</TotalLineItemAmount>
      <TotalTaxAmount>2550</TotalTaxAmount>
      <TotalVATAmount>3175</TotalVATAmount>
      <TotalAddOnChargeAmount>2600</TotalAddOnChargeAmount>
	  <TotalAmount>12825</TotalAmount>      
      <TotalAmountInClearanceCurrency>100</TotalAmountInClearanceCurrency>
    </InvoiceSummary>
  </Invoice>
   <Invoice>
      <InvoiceHeader>
        <InvoiceNumber>CPP123456</InvoiceNumber>
        <InvoiceDate>2013-04-09</InvoiceDate>
        <InvoiceType>Invoice</InvoiceType>
        <TaxPointDate>2013-04-09</TaxPointDate>
        <LocationCode>EBB</LocationCode>
        <ChargeCategory>Engineering</ChargeCategory>
        <SellerOrganization>
          <OrganizationID>838</OrganizationID>
          <OrganizationDesignator>WS</OrganizationDesignator>
          <LocationID>Main</LocationID>
          <OrganizationName1>WS Airways Plc</OrganizationName1>
          <TaxRegistrationID>GB 222 4529 88</TaxRegistrationID>
          <AdditionalTaxRegistrationID> </AdditionalTaxRegistrationID>
          <CompanyRegistrationID>1777777</CompanyRegistrationID>
          <ContactDetails>
            <ContactType>Email</ContactType>
            <ContactValue>peter.emuge@ba.com</ContactValue>
          </ContactDetails>
          <Address>
            <AddressLine1>Waterside (HDA1)</AddressLine1>
            <AddressLine2>PO Box 365</AddressLine2>
            <AddressLine3>Harmondsworth</AddressLine3>
            <CityName>London</CityName>
            <CountryCode>GB</CountryCode>
            <CountryName>UNITED KINGDOM</CountryName>
            <PostalCode>UB7 0GB</PostalCode>
          </Address>
        </SellerOrganization>
        <BuyerOrganization>
          <OrganizationID>888</OrganizationID>
          <OrganizationDesignator>AB</OrganizationDesignator>
          <LocationID>Main</LocationID>
          <OrganizationName1>MERCATOR AIRLINES</OrganizationName1>
          <CompanyRegistrationID>65</CompanyRegistrationID>
          <Address>
            <AddressLine1>Group Revenue Accounts 2nd Floor, Freight Works Building</AddressLine1>
            <AddressLine2>Al Ramool, P O Box- 686</AddressLine2>
            <AddressLine3>DUBAI, United Arab Emirates</AddressLine3>
            <CityName>DUBAI</CityName>
            <SubdivisionName>null</SubdivisionName>
            <CountryCode>AE</CountryCode>
            <CountryName>UNITED ARAB EMIRATES</CountryName>
            <PostalCode>686</PostalCode>
          </Address>
        </BuyerOrganization>
        <PaymentTerms>
          <CurrencyCode>GBP</CurrencyCode>
          <ClearanceCurrencyCode>USD</ClearanceCurrencyCode>
          <ExchangeRate>0.64400</ExchangeRate>
          <SettlementMonthPeriod>130402</SettlementMonthPeriod>
          <SettlementMethod>I</SettlementMethod>
        </PaymentTerms>
        <ISDetails>
          <DigitalSignatureFlag>D</DigitalSignatureFlag>
        </ISDetails>
        <PONumber>F55EKEBB9.4</PONumber>
        <Attachment>
          <AttachmentIndicatorOriginal>N</AttachmentIndicatorOriginal>
          <AttachmentIndicatorValidated>N</AttachmentIndicatorValidated>
          <NumberOfAttachments>0</NumberOfAttachments>
        </Attachment>
      </InvoiceHeader>
      <LineItem>
        <LineItemNumber>1</LineItemNumber>
        <ChargeCode>Handling LM</ChargeCode>
        <Description>L-6924A-EBB-330 DAILY</Description>
        <StartDate>2013-04-01</StartDate>
        <EndDate>2013-04-09</EndDate>
        <LocationCode>EBB</LocationCode>
        <Quantity UOMCode="HRS">1</Quantity>
        <UnitPrice SF="1">70.0000</UnitPrice>
        <ChargeAmount>70.000</ChargeAmount>
        <TotalNetAmount>70.000</TotalNetAmount>
        <DetailCount>1</DetailCount>
      </LineItem>
      <LineItem>
        <LineItemNumber>2</LineItemNumber>
        <ChargeCode>Handling LM</ChargeCode>
        <Description>L-6924A-EBB-330 DAILY</Description>
        <StartDate>2013-04-01</StartDate>
        <EndDate>2013-04-09</EndDate>
        <LocationCode>EBB</LocationCode>
        <Quantity UOMCode="HRS">1</Quantity>
        <UnitPrice SF="1">210.0000</UnitPrice>
        <ChargeAmount>210.000</ChargeAmount>
        <TotalNetAmount>210.000</TotalNetAmount>
        <DetailCount>1</DetailCount>
      </LineItem>
      <LineItem>
        <LineItemNumber>3</LineItemNumber>
        <ChargeCode>Handling LM</ChargeCode>
        <Description>Ground handling charges</Description>
        <StartDate>2013-04-01</StartDate>
        <EndDate>2013-04-09</EndDate>
        <LocationCode>EBB</LocationCode>
        <Quantity UOMCode="EA">1</Quantity>
        <UnitPrice SF="1">1680.0000</UnitPrice>
        <ChargeAmount>1680.000</ChargeAmount>
        <TotalNetAmount>1680.000</TotalNetAmount>
        <DetailCount>16</DetailCount>
      </LineItem>
      <LineItem>
        <LineItemNumber>4</LineItemNumber>
        <ChargeCode>Handling LM</ChargeCode>
        <Description>Ground handling charges</Description>
        <StartDate>2013-04-01</StartDate>
        <EndDate>2013-04-09</EndDate>
        <LocationCode>EBB</LocationCode>
        <Quantity UOMCode="EA">1</Quantity>
        <UnitPrice SF="1">1960.0000</UnitPrice>
        <ChargeAmount>1960.000</ChargeAmount>
        <TotalNetAmount>1960.000</TotalNetAmount>
        <DetailCount>14</DetailCount>
      </LineItem>
      <LineItemDetail>
        <DetailNumber>1</DetailNumber>
        <LineItemNumber>1</LineItemNumber>
        <Description>Labour : L/M Standard</Description>
        <EndDate>2013-04-05</EndDate>
        <Quantity UOMCode="HRS">1</Quantity>
        <UnitPrice SF="1">70.0000</UnitPrice>
        <ChargeAmount>70.000</ChargeAmount>
        <TotalNetAmount>70.000</TotalNetAmount>
        <ContractNo>F55EKEBB9.4</ContractNo>
        <ReferenceNo Name="Sales Order Number">0045000552</ReferenceNo>
        <AircraftDetails>
          <AircraftRegistrationNo>A6ERH</AircraftRegistrationNo>
          <AircraftTypeCode_ICAO>0</AircraftTypeCode_ICAO>
        </AircraftDetails>
        <FlightDetails>
          <FlightNo>EK724</FlightNo>
          <FlightDateTime>2013-04-05</FlightDateTime>
        </FlightDetails>
      </LineItemDetail>
      <LineItemDetail>
        <DetailNumber>1</DetailNumber>
        <LineItemNumber>2</LineItemNumber>
        <Description>Labour : L/M Standard</Description>
        <EndDate>2013-04-02</EndDate>
        <Quantity UOMCode="HRS">3</Quantity>
        <UnitPrice SF="1">70.0000</UnitPrice>
        <ChargeAmount>210.000</ChargeAmount>
        <TotalNetAmount>210.000</TotalNetAmount>
        <ContractNo>F55EKEBB9.4</ContractNo>
        <ReferenceNo Name="Sales Order Number">0045000552</ReferenceNo>
        <AircraftDetails>
          <AircraftRegistrationNo>A6ERF</AircraftRegistrationNo>
          <AircraftTypeCode_ICAO>0</AircraftTypeCode_ICAO>
        </AircraftDetails>
        <FlightDetails>
          <FlightNo>EK724</FlightNo>
          <FlightDateTime>2013-04-02</FlightDateTime>
        </FlightDetails>
      </LineItemDetail>
      <LineItemDetail>
        <DetailNumber>1</DetailNumber>
        <LineItemNumber>3</LineItemNumber>
        <Description>Ground Handling Fixed Price</Description>
        <EndDate>2013-04-01</EndDate>
        <Quantity UOMCode="EA">1</Quantity>
        <UnitPrice SF="1">105.0000</UnitPrice>
        <ChargeAmount>105.000</ChargeAmount>
        <TotalNetAmount>105.000</TotalNetAmount>
        <ContractNo>F55EKEBB9.4</ContractNo>
        <ReferenceNo Name="Sales Order Number">0045000552</ReferenceNo>
        <AircraftDetails>
          <AircraftRegistrationNo>A6ERG</AircraftRegistrationNo>
          <AircraftTypeCode_ICAO>0</AircraftTypeCode_ICAO>
        </AircraftDetails>
        <FlightDetails>
          <FlightNo>EK724</FlightNo>
          <FlightDateTime>2013-04-01</FlightDateTime>
        </FlightDetails>
      </LineItemDetail>
      <LineItemDetail>
        <DetailNumber>2</DetailNumber>
        <LineItemNumber>3</LineItemNumber>
        <Description>Ground Handling Fixed Price</Description>
        <EndDate>2013-04-05</EndDate>
        <Quantity UOMCode="EA">1</Quantity>
        <UnitPrice SF="1">105.0000</UnitPrice>
        <ChargeAmount>105.000</ChargeAmount>
        <TotalNetAmount>105.000</TotalNetAmount>
        <ContractNo>F55EKEBB9.4</ContractNo>
        <ReferenceNo Name="Sales Order Number">0045000552</ReferenceNo>
        <AircraftDetails>
          <AircraftRegistrationNo>A6ERG</AircraftRegistrationNo>
          <AircraftTypeCode_ICAO>0</AircraftTypeCode_ICAO>
        </AircraftDetails>
        <FlightDetails>
          <FlightNo>EK724</FlightNo>
          <FlightDateTime>2013-04-05</FlightDateTime>
        </FlightDetails>
      </LineItemDetail>
      <LineItemDetail>
        <DetailNumber>3</DetailNumber>
        <LineItemNumber>3</LineItemNumber>
        <Description>Ground Handling Fixed Price</Description>
        <EndDate>2013-04-08</EndDate>
        <Quantity UOMCode="EA">1</Quantity>
        <UnitPrice SF="1">105.0000</UnitPrice>
        <ChargeAmount>105.000</ChargeAmount>
        <TotalNetAmount>105.000</TotalNetAmount>
        <ContractNo>F55EKEBB9.4</ContractNo>
        <ReferenceNo Name="Sales Order Number">0045000552</ReferenceNo>
        <AircraftDetails>
          <AircraftRegistrationNo>A6ERC</AircraftRegistrationNo>
          <AircraftTypeCode_ICAO>0</AircraftTypeCode_ICAO>
        </AircraftDetails>
        <FlightDetails>
          <FlightNo>EK724</FlightNo>
          <FlightDateTime>2013-04-08</FlightDateTime>
        </FlightDetails>
      </LineItemDetail>
      <LineItemDetail>
        <DetailNumber>4</DetailNumber>
        <LineItemNumber>3</LineItemNumber>
        <Description>Ground Handling Fixed Price</Description>
        <EndDate>2013-04-10</EndDate>
        <Quantity UOMCode="EA">1</Quantity>
        <UnitPrice SF="1">105.0000</UnitPrice>
        <ChargeAmount>105.000</ChargeAmount>
        <TotalNetAmount>105.000</TotalNetAmount>
        <ContractNo>F55EKEBB9.4</ContractNo>
        <ReferenceNo Name="Sales Order Number">0045000552</ReferenceNo>
        <AircraftDetails>
          <AircraftRegistrationNo>A6ERC</AircraftRegistrationNo>
          <AircraftTypeCode_ICAO>0</AircraftTypeCode_ICAO>
        </AircraftDetails>
        <FlightDetails>
          <FlightNo>EK724</FlightNo>
          <FlightDateTime>2013-04-10</FlightDateTime>
        </FlightDetails>
      </LineItemDetail>
      <LineItemDetail>
        <DetailNumber>5</DetailNumber>
        <LineItemNumber>3</LineItemNumber>
        <Description>Ground Handling Fixed Price</Description>
        <EndDate>2013-04-11</EndDate>
        <Quantity UOMCode="EA">1</Quantity>
        <UnitPrice SF="1">105.0000</UnitPrice>
        <ChargeAmount>105.000</ChargeAmount>
        <TotalNetAmount>105.000</TotalNetAmount>
        <ContractNo>F55EKEBB9.4</ContractNo>
        <ReferenceNo Name="Sales Order Number">0045000552</ReferenceNo>
        <AircraftDetails>
          <AircraftRegistrationNo>A6ERG</AircraftRegistrationNo>
          <AircraftTypeCode_ICAO>0</AircraftTypeCode_ICAO>
        </AircraftDetails>
        <FlightDetails>
          <FlightNo>EK724</FlightNo>
          <FlightDateTime>2013-04-11</FlightDateTime>
        </FlightDetails>
      </LineItemDetail>
      <LineItemDetail>
        <DetailNumber>6</DetailNumber>
        <LineItemNumber>3</LineItemNumber>
        <Description>Ground Handling Fixed Price</Description>
        <EndDate>2013-04-12</EndDate>
        <Quantity UOMCode="EA">1</Quantity>
        <UnitPrice SF="1">105.0000</UnitPrice>
        <ChargeAmount>105.000</ChargeAmount>
        <TotalNetAmount>105.000</TotalNetAmount>
        <ContractNo>F55EKEBB9.4</ContractNo>
        <ReferenceNo Name="Sales Order Number">0045000552</ReferenceNo>
        <AircraftDetails>
          <AircraftRegistrationNo>A6ERE</AircraftRegistrationNo>
          <AircraftTypeCode_ICAO>0</AircraftTypeCode_ICAO>
        </AircraftDetails>
        <FlightDetails>
          <FlightNo>EK724</FlightNo>
          <FlightDateTime>2013-04-12</FlightDateTime>
        </FlightDetails>
      </LineItemDetail>
      <LineItemDetail>
        <DetailNumber>7</DetailNumber>
        <LineItemNumber>3</LineItemNumber>
        <Description>Ground Handling Fixed Price</Description>
        <EndDate>2013-04-16</EndDate>
        <Quantity UOMCode="EA">1</Quantity>
        <UnitPrice SF="1">105.0000</UnitPrice>
        <ChargeAmount>105.000</ChargeAmount>
        <TotalNetAmount>105.000</TotalNetAmount>
        <ContractNo>F55EKEBB9.4</ContractNo>
        <ReferenceNo Name="Sales Order Number">0045000552</ReferenceNo>
        <AircraftDetails>
          <AircraftRegistrationNo>A6ERA</AircraftRegistrationNo>
          <AircraftTypeCode_ICAO>0</AircraftTypeCode_ICAO>
        </AircraftDetails>
        <FlightDetails>
          <FlightNo>EK724</FlightNo>
          <FlightDateTime>2013-04-16</FlightDateTime>
        </FlightDetails>
      </LineItemDetail>
      <LineItemDetail>
        <DetailNumber>8</DetailNumber>
        <LineItemNumber>3</LineItemNumber>
        <Description>Ground Handling Fixed Price</Description>
        <EndDate>2013-04-19</EndDate>
        <Quantity UOMCode="EA">1</Quantity>
        <UnitPrice SF="1">105.0000</UnitPrice>
        <ChargeAmount>105.000</ChargeAmount>
        <TotalNetAmount>105.000</TotalNetAmount>
        <ContractNo>F55EKEBB9.4</ContractNo>
        <ReferenceNo Name="Sales Order Number">0045000552</ReferenceNo>
        <AircraftDetails>
          <AircraftRegistrationNo>A6ERF</AircraftRegistrationNo>
          <AircraftTypeCode_ICAO>0</AircraftTypeCode_ICAO>
        </AircraftDetails>
        <FlightDetails>
          <FlightNo>EK724</FlightNo>
          <FlightDateTime>2013-04-19</FlightDateTime>
        </FlightDetails>
      </LineItemDetail>
      <LineItemDetail>
        <DetailNumber>9</DetailNumber>
        <LineItemNumber>3</LineItemNumber>
        <Description>Ground Handling Fixed Price</Description>
        <EndDate>2013-04-22</EndDate>
        <Quantity UOMCode="EA">1</Quantity>
        <UnitPrice SF="1">105.0000</UnitPrice>
        <ChargeAmount>105.000</ChargeAmount>
        <TotalNetAmount>105.000</TotalNetAmount>
        <ContractNo>F55EKEBB9.4</ContractNo>
        <ReferenceNo Name="Sales Order Number">0045000552</ReferenceNo>
        <AircraftDetails>
          <AircraftRegistrationNo>A6ERD</AircraftRegistrationNo>
          <AircraftTypeCode_ICAO>0</AircraftTypeCode_ICAO>
        </AircraftDetails>
        <FlightDetails>
          <FlightNo>EK724</FlightNo>
          <FlightDateTime>2013-04-22</FlightDateTime>
        </FlightDetails>
      </LineItemDetail>
      <LineItemDetail>
        <DetailNumber>10</DetailNumber>
        <LineItemNumber>3</LineItemNumber>
        <Description>Ground Handling Fixed Price</Description>
        <EndDate>2013-04-23</EndDate>
        <Quantity UOMCode="EA">1</Quantity>
        <UnitPrice SF="1">105.0000</UnitPrice>
        <ChargeAmount>105.000</ChargeAmount>
        <TotalNetAmount>105.000</TotalNetAmount>
        <ContractNo>F55EKEBB9.4</ContractNo>
        <ReferenceNo Name="Sales Order Number">0045000552</ReferenceNo>
        <AircraftDetails>
          <AircraftRegistrationNo>A6ERC</AircraftRegistrationNo>
          <AircraftTypeCode_ICAO>0</AircraftTypeCode_ICAO>
        </AircraftDetails>
        <FlightDetails>
          <FlightNo>EK724</FlightNo>
          <FlightDateTime>2013-04-23</FlightDateTime>
        </FlightDetails>
      </LineItemDetail>
      <LineItemDetail>
        <DetailNumber>11</DetailNumber>
        <LineItemNumber>3</LineItemNumber>
        <Description>Ground Handling Fixed Price</Description>
        <EndDate>2013-04-24</EndDate>
        <Quantity UOMCode="EA">1</Quantity>
        <UnitPrice SF="1">105.0000</UnitPrice>
        <ChargeAmount>105.000</ChargeAmount>
        <TotalNetAmount>105.000</TotalNetAmount>
        <ContractNo>F55EKEBB9.4</ContractNo>
        <ReferenceNo Name="Sales Order Number">0045000552</ReferenceNo>
        <AircraftDetails>
          <AircraftRegistrationNo>A6ERB</AircraftRegistrationNo>
          <AircraftTypeCode_ICAO>0</AircraftTypeCode_ICAO>
        </AircraftDetails>
        <FlightDetails>
          <FlightNo>EK724</FlightNo>
          <FlightDateTime>2013-04-24</FlightDateTime>
        </FlightDetails>
      </LineItemDetail>
      <LineItemDetail>
        <DetailNumber>12</DetailNumber>
        <LineItemNumber>3</LineItemNumber>
        <Description>Ground Handling Fixed Price</Description>
        <EndDate>2013-04-25</EndDate>
        <Quantity UOMCode="EA">1</Quantity>
        <UnitPrice SF="1">105.0000</UnitPrice>
        <ChargeAmount>105.000</ChargeAmount>
        <TotalNetAmount>105.000</TotalNetAmount>
        <ContractNo>F55EKEBB9.4</ContractNo>
        <ReferenceNo Name="Sales Order Number">0045000552</ReferenceNo>
        <AircraftDetails>
          <AircraftRegistrationNo>A6ERH</AircraftRegistrationNo>
          <AircraftTypeCode_ICAO>0</AircraftTypeCode_ICAO>
        </AircraftDetails>
        <FlightDetails>
          <FlightNo>EK724</FlightNo>
          <FlightDateTime>2013-04-25</FlightDateTime>
        </FlightDetails>
      </LineItemDetail>
      <LineItemDetail>
        <DetailNumber>13</DetailNumber>
        <LineItemNumber>3</LineItemNumber>
        <Description>Ground Handling Fixed Price</Description>
        <EndDate>2013-04-27</EndDate>
        <Quantity UOMCode="EA">1</Quantity>
        <UnitPrice SF="1">105.0000</UnitPrice>
        <ChargeAmount>105.000</ChargeAmount>
        <TotalNetAmount>105.000</TotalNetAmount>
        <ContractNo>F55EKEBB9.4</ContractNo>
        <ReferenceNo Name="Sales Order Number">0045000552</ReferenceNo>
        <AircraftDetails>
          <AircraftRegistrationNo>A6ERI</AircraftRegistrationNo>
          <AircraftTypeCode_ICAO>0</AircraftTypeCode_ICAO>
        </AircraftDetails>
        <FlightDetails>
          <FlightNo>EK724</FlightNo>
          <FlightDateTime>2013-04-27</FlightDateTime>
        </FlightDetails>
      </LineItemDetail>
      <LineItemDetail>
        <DetailNumber>14</DetailNumber>
        <LineItemNumber>3</LineItemNumber>
        <Description>Ground Handling Fixed Price</Description>
        <EndDate>2013-04-29</EndDate>
        <Quantity UOMCode="EA">1</Quantity>
        <UnitPrice SF="1">105.0000</UnitPrice>
        <ChargeAmount>105.000</ChargeAmount>
        <TotalNetAmount>105.000</TotalNetAmount>
        <ContractNo>F55EKEBB9.4</ContractNo>
        <ReferenceNo Name="Sales Order Number">0045000552</ReferenceNo>
        <AircraftDetails>
          <AircraftRegistrationNo>A6ERB</AircraftRegistrationNo>
          <AircraftTypeCode_ICAO>0</AircraftTypeCode_ICAO>
        </AircraftDetails>
        <FlightDetails>
          <FlightNo>EK724</FlightNo>
          <FlightDateTime>2013-04-29</FlightDateTime>
        </FlightDetails>
      </LineItemDetail>
      <LineItemDetail>
        <DetailNumber>15</DetailNumber>
        <LineItemNumber>3</LineItemNumber>
        <Description>Ground Handling Fixed Price</Description>
        <EndDate>2013-04-30</EndDate>
        <Quantity UOMCode="EA">1</Quantity>
        <UnitPrice SF="1">105.0000</UnitPrice>
        <ChargeAmount>105.000</ChargeAmount>
        <TotalNetAmount>105.000</TotalNetAmount>
        <ContractNo>F55EKEBB9.4</ContractNo>
        <ReferenceNo Name="Sales Order Number">0045000552</ReferenceNo>
        <AircraftDetails>
          <AircraftRegistrationNo>A6ERF</AircraftRegistrationNo>
          <AircraftTypeCode_ICAO>0</AircraftTypeCode_ICAO>
        </AircraftDetails>
        <FlightDetails>
          <FlightNo>EK724</FlightNo>
          <FlightDateTime>2013-04-30</FlightDateTime>
        </FlightDetails>
      </LineItemDetail>
      <LineItemDetail>
        <DetailNumber>16</DetailNumber>
        <LineItemNumber>3</LineItemNumber>
        <Description>Ground Handling Fixed Price</Description>
        <EndDate>2013-04-31</EndDate>
        <Quantity UOMCode="EA">1</Quantity>
        <UnitPrice SF="1">105.0000</UnitPrice>
        <ChargeAmount>105.000</ChargeAmount>
        <TotalNetAmount>105.000</TotalNetAmount>
        <ContractNo>F55EKEBB9.4</ContractNo>
        <ReferenceNo Name="Sales Order Number">0045000552</ReferenceNo>
        <AircraftDetails>
          <AircraftRegistrationNo>A6ERF</AircraftRegistrationNo>
          <AircraftTypeCode_ICAO>0</AircraftTypeCode_ICAO>
        </AircraftDetails>
        <FlightDetails>
          <FlightNo>EK724</FlightNo>
          <FlightDateTime>2013-04-31</FlightDateTime>
        </FlightDetails>
      </LineItemDetail>
      <LineItemDetail>
        <DetailNumber>1</DetailNumber>
        <LineItemNumber>4</LineItemNumber>
        <Description>Ground Handling Fixed Price</Description>
        <EndDate>2013-04-04</EndDate>
        <Quantity UOMCode="EA">1</Quantity>
        <UnitPrice SF="1">140.0000</UnitPrice>
        <ChargeAmount>140.000</ChargeAmount>
        <TotalNetAmount>140.000</TotalNetAmount>
        <ContractNo>F55EKEBB9.4</ContractNo>
        <ReferenceNo Name="Sales Order Number">0045000552</ReferenceNo>
        <AircraftDetails>
          <AircraftRegistrationNo>A6ERF</AircraftRegistrationNo>
          <AircraftTypeCode_ICAO>0</AircraftTypeCode_ICAO>
        </AircraftDetails>
        <FlightDetails>
          <FlightNo>EK724</FlightNo>
          <FlightDateTime>2013-04-04</FlightDateTime>
        </FlightDetails>
      </LineItemDetail>
      <LineItemDetail>
        <DetailNumber>2</DetailNumber>
        <LineItemNumber>4</LineItemNumber>
        <Description>Ground Handling Fixed Price</Description>
        <EndDate>2013-04-02</EndDate>
        <Quantity UOMCode="EA">1</Quantity>
        <UnitPrice SF="1">140.0000</UnitPrice>
        <ChargeAmount>140.000</ChargeAmount>
        <TotalNetAmount>140.000</TotalNetAmount>
        <ContractNo>F55EKEBB9.4</ContractNo>
        <ReferenceNo Name="Sales Order Number">0045000552</ReferenceNo>
        <AircraftDetails>
          <AircraftRegistrationNo>A6ERH</AircraftRegistrationNo>
          <AircraftTypeCode_ICAO>0</AircraftTypeCode_ICAO>
        </AircraftDetails>
        <FlightDetails>
          <FlightNo>EK724</FlightNo>
          <FlightDateTime>2013-04-02</FlightDateTime>
        </FlightDetails>
      </LineItemDetail>
      <LineItemDetail>
        <DetailNumber>3</DetailNumber>
        <LineItemNumber>4</LineItemNumber>
        <Description>Ground Handling Fixed Price</Description>
        <EndDate>2013-04-03</EndDate>
        <Quantity UOMCode="EA">1</Quantity>
        <UnitPrice SF="1">140.0000</UnitPrice>
        <ChargeAmount>140.000</ChargeAmount>
        <TotalNetAmount>140.000</TotalNetAmount>
        <ContractNo>F55EKEBB9.4</ContractNo>
        <ReferenceNo Name="Sales Order Number">0045000552</ReferenceNo>
        <AircraftDetails>
          <AircraftRegistrationNo>A6ERH</AircraftRegistrationNo>
          <AircraftTypeCode_ICAO>0</AircraftTypeCode_ICAO>
        </AircraftDetails>
        <FlightDetails>
          <FlightNo>EK724</FlightNo>
          <FlightDateTime>2013-04-03</FlightDateTime>
        </FlightDetails>
      </LineItemDetail>
      <LineItemDetail>
        <DetailNumber>4</DetailNumber>
        <LineItemNumber>4</LineItemNumber>
        <Description>Ground Handling Fixed Price</Description>
        <EndDate>2013-04-06</EndDate>
        <Quantity UOMCode="EA">1</Quantity>
        <UnitPrice SF="1">140.0000</UnitPrice>
        <ChargeAmount>140.000</ChargeAmount>
        <TotalNetAmount>140.000</TotalNetAmount>
        <ContractNo>F55EKEBB9.4</ContractNo>
        <ReferenceNo Name="Sales Order Number">0045000552</ReferenceNo>
        <AircraftDetails>
          <AircraftRegistrationNo>A6ERE</AircraftRegistrationNo>
          <AircraftTypeCode_ICAO>0</AircraftTypeCode_ICAO>
        </AircraftDetails>
        <FlightDetails>
          <FlightNo>EK724</FlightNo>
          <FlightDateTime>2013-04-06</FlightDateTime>
        </FlightDetails>
      </LineItemDetail>
      <LineItemDetail>
        <DetailNumber>5</DetailNumber>
        <LineItemNumber>4</LineItemNumber>
        <Description>Ground Handling Fixed Price</Description>
        <EndDate>2013-04-07</EndDate>
        <Quantity UOMCode="EA">1</Quantity>
        <UnitPrice SF="1">140.0000</UnitPrice>
        <ChargeAmount>140.000</ChargeAmount>
        <TotalNetAmount>140.000</TotalNetAmount>
        <ContractNo>F55EKEBB9.4</ContractNo>
        <ReferenceNo Name="Sales Order Number">0045000552</ReferenceNo>
        <AircraftDetails>
          <AircraftRegistrationNo>A6ERH</AircraftRegistrationNo>
          <AircraftTypeCode_ICAO>0</AircraftTypeCode_ICAO>
        </AircraftDetails>
        <FlightDetails>
          <FlightNo>EK724</FlightNo>
          <FlightDateTime>2013-04-07</FlightDateTime>
        </FlightDetails>
      </LineItemDetail>
      <LineItemDetail>
        <DetailNumber>6</DetailNumber>
        <LineItemNumber>4</LineItemNumber>
        <Description>Ground Handling Fixed Price</Description>
        <EndDate>2013-04-09</EndDate>
        <Quantity UOMCode="EA">1</Quantity>
        <UnitPrice SF="1">140.0000</UnitPrice>
        <ChargeAmount>140.000</ChargeAmount>
        <TotalNetAmount>140.000</TotalNetAmount>
        <ContractNo>F55EKEBB9.4</ContractNo>
        <ReferenceNo Name="Sales Order Number">0045000552</ReferenceNo>
        <AircraftDetails>
          <AircraftRegistrationNo>A6ERF</AircraftRegistrationNo>
          <AircraftTypeCode_ICAO>0</AircraftTypeCode_ICAO>
        </AircraftDetails>
        <FlightDetails>
          <FlightNo>EK724</FlightNo>
          <FlightDateTime>2013-04-09</FlightDateTime>
        </FlightDetails>
      </LineItemDetail>
      <LineItemDetail>
        <DetailNumber>7</DetailNumber>
        <LineItemNumber>4</LineItemNumber>
        <Description>Ground Handling Fixed Price</Description>
        <EndDate>2013-04-13</EndDate>
        <Quantity UOMCode="EA">1</Quantity>
        <UnitPrice SF="1">140.0000</UnitPrice>
        <ChargeAmount>140.000</ChargeAmount>
        <TotalNetAmount>140.000</TotalNetAmount>
        <ContractNo>F55EKEBB9.4</ContractNo>
        <ReferenceNo Name="Sales Order Number">0045000552</ReferenceNo>
        <AircraftDetails>
          <AircraftRegistrationNo>A6ERG</AircraftRegistrationNo>
          <AircraftTypeCode_ICAO>0</AircraftTypeCode_ICAO>
        </AircraftDetails>
        <FlightDetails>
          <FlightNo>EK724</FlightNo>
          <FlightDateTime>2013-04-13</FlightDateTime>
        </FlightDetails>
      </LineItemDetail>
      <LineItemDetail>
        <DetailNumber>8</DetailNumber>
        <LineItemNumber>4</LineItemNumber>
        <Description>Ground Handling Fixed Price</Description>
        <EndDate>2013-04-14</EndDate>
        <Quantity UOMCode="EA">1</Quantity>
        <UnitPrice SF="1">140.0000</UnitPrice>
        <ChargeAmount>140.000</ChargeAmount>
        <TotalNetAmount>140.000</TotalNetAmount>
        <ContractNo>F55EKEBB9.4</ContractNo>
        <ReferenceNo Name="Sales Order Number">0045000552</ReferenceNo>
        <AircraftDetails>
          <AircraftRegistrationNo>A6ERB</AircraftRegistrationNo>
          <AircraftTypeCode_ICAO>0</AircraftTypeCode_ICAO>
        </AircraftDetails>
        <FlightDetails>
          <FlightNo>EK724</FlightNo>
          <FlightDateTime>2013-04-14</FlightDateTime>
        </FlightDetails>
      </LineItemDetail>
      <LineItemDetail>
        <DetailNumber>9</DetailNumber>
        <LineItemNumber>4</LineItemNumber>
        <Description>Ground Handling Fixed Price</Description>
        <EndDate>2013-04-15</EndDate>
        <Quantity UOMCode="EA">1</Quantity>
        <UnitPrice SF="1">140.0000</UnitPrice>
        <ChargeAmount>140.000</ChargeAmount>
        <TotalNetAmount>140.000</TotalNetAmount>
        <ContractNo>F55EKEBB9.4</ContractNo>
        <ReferenceNo Name="Sales Order Number">0045000552</ReferenceNo>
        <AircraftDetails>
          <AircraftRegistrationNo>A6ERF</AircraftRegistrationNo>
          <AircraftTypeCode_ICAO>0</AircraftTypeCode_ICAO>
        </AircraftDetails>
        <FlightDetails>
          <FlightNo>EK724</FlightNo>
          <FlightDateTime>2013-04-15</FlightDateTime>
        </FlightDetails>
      </LineItemDetail>
      <LineItemDetail>
        <DetailNumber>10</DetailNumber>
        <LineItemNumber>4</LineItemNumber>
        <Description>Ground Handling Fixed Price</Description>
        <EndDate>2013-04-18</EndDate>
        <Quantity UOMCode="EA">1</Quantity>
        <UnitPrice SF="1">140.0000</UnitPrice>
        <ChargeAmount>140.000</ChargeAmount>
        <TotalNetAmount>140.000</TotalNetAmount>
        <ContractNo>F55EKEBB9.4</ContractNo>
        <ReferenceNo Name="Sales Order Number">0045000552</ReferenceNo>
        <AircraftDetails>
          <AircraftRegistrationNo>A6ERG</AircraftRegistrationNo>
          <AircraftTypeCode_ICAO>0</AircraftTypeCode_ICAO>
        </AircraftDetails>
        <FlightDetails>
          <FlightNo>EK724</FlightNo>
          <FlightDateTime>2013-04-18</FlightDateTime>
        </FlightDetails>
      </LineItemDetail>
      <LineItemDetail>
        <DetailNumber>11</DetailNumber>
        <LineItemNumber>4</LineItemNumber>
        <Description>Ground Handling Fixed Price</Description>
        <EndDate>2013-04-20</EndDate>
        <Quantity UOMCode="EA">1</Quantity>
        <UnitPrice SF="1">140.0000</UnitPrice>
        <ChargeAmount>140.000</ChargeAmount>
        <TotalNetAmount>140.000</TotalNetAmount>
        <ContractNo>F55EKEBB9.4</ContractNo>
        <ReferenceNo Name="Sales Order Number">0045000552</ReferenceNo>
        <AircraftDetails>
          <AircraftRegistrationNo>A6ERJ</AircraftRegistrationNo>
          <AircraftTypeCode_ICAO>0</AircraftTypeCode_ICAO>
        </AircraftDetails>
        <FlightDetails>
          <FlightNo>EK724</FlightNo>
          <FlightDateTime>2013-04-20</FlightDateTime>
        </FlightDetails>
      </LineItemDetail>
      <LineItemDetail>
        <DetailNumber>12</DetailNumber>
        <LineItemNumber>4</LineItemNumber>
        <Description>Ground Handling Fixed Price</Description>
        <EndDate>2013-04-21</EndDate>
        <Quantity UOMCode="EA">1</Quantity>
        <UnitPrice SF="1">140.0000</UnitPrice>
        <ChargeAmount>140.000</ChargeAmount>
        <TotalNetAmount>140.000</TotalNetAmount>
        <ContractNo>F55EKEBB9.4</ContractNo>
        <ReferenceNo Name="Sales Order Number">0045000552</ReferenceNo>
        <AircraftDetails>
          <AircraftRegistrationNo>A6ERA</AircraftRegistrationNo>
          <AircraftTypeCode_ICAO>0</AircraftTypeCode_ICAO>
        </AircraftDetails>
        <FlightDetails>
          <FlightNo>EK724</FlightNo>
          <FlightDateTime>2013-04-21</FlightDateTime>
        </FlightDetails>
      </LineItemDetail>
      <LineItemDetail>
        <DetailNumber>13</DetailNumber>
        <LineItemNumber>4</LineItemNumber>
        <Description>Ground Handling Fixed Price</Description>
        <EndDate>2013-04-26</EndDate>
        <Quantity UOMCode="EA">1</Quantity>
        <UnitPrice SF="1">140.0000</UnitPrice>
        <ChargeAmount>140.000</ChargeAmount>
        <TotalNetAmount>140.000</TotalNetAmount>
        <ContractNo>F55EKEBB9.4</ContractNo>
        <ReferenceNo Name="Sales Order Number">0045000552</ReferenceNo>
        <AircraftDetails>
          <AircraftRegistrationNo>A6ERG</AircraftRegistrationNo>
          <AircraftTypeCode_ICAO>0</AircraftTypeCode_ICAO>
        </AircraftDetails>
        <FlightDetails>
          <FlightNo>EK724</FlightNo>
          <FlightDateTime>2013-04-26</FlightDateTime>
        </FlightDetails>
      </LineItemDetail>
      <LineItemDetail>
        <DetailNumber>14</DetailNumber>
        <LineItemNumber>4</LineItemNumber>
        <Description>Ground Handling Fixed Price</Description>
        <EndDate>2013-04-28</EndDate>
        <Quantity UOMCode="EA">1</Quantity>
        <UnitPrice SF="1">140.0000</UnitPrice>
        <ChargeAmount>140.000</ChargeAmount>
        <TotalNetAmount>140.000</TotalNetAmount>
        <ContractNo>F55EKEBB9.4</ContractNo>
        <ReferenceNo Name="Sales Order Number">0045000552</ReferenceNo>
        <AircraftDetails>
          <AircraftRegistrationNo>A6ERA</AircraftRegistrationNo>
          <AircraftTypeCode_ICAO>0</AircraftTypeCode_ICAO>
        </AircraftDetails>
        <FlightDetails>
          <FlightNo>EK724</FlightNo>
          <FlightDateTime>2013-04-28</FlightDateTime>
        </FlightDetails>
      </LineItemDetail>
      <InvoiceSummary>
        <LineItemCount>4</LineItemCount>
        <TotalLineItemAmount>3920.000</TotalLineItemAmount>
        <TotalAmount>3920.000</TotalAmount>
        <TotalAmountInClearanceCurrency>6086.957</TotalAmountInClearanceCurrency>
      </InvoiceSummary>
    </Invoice> 
  <TransmissionSummary>
    <InvoiceCount>2</InvoiceCount>
	<AttachmentCount>0</AttachmentCount>
    <TotalAmount CurrencyCode="USD">16745</TotalAmount>
    <TotalTaxAmount CurrencyCode="USD">2550</TotalTaxAmount>
    <TotalVATAmount CurrencyCode="USD">3175</TotalVATAmount>
	<TotalAddOnChargeAmount CurrencyCode="USD">2600</TotalAddOnChargeAmount>
  </TransmissionSummary>
</InvoiceTransmission>