<?xml version="1.0" encoding="UTF-8"?>
<InvoiceTransmission xsi:schemaLocation="http://www.IATA.com/IATAAviationInvoiceStandard http://www.iata.org/services/finance/sis/Documents/schemas/IATA_IS_XML_Invoice_Standard_V3.9.0.1.xsd" xmlns="http://www.IATA.com/IATAAviationInvoiceStandard" xmlns:xsi="http://www.w3.org/2001/XMLSchema-instance">
  <TransmissionHeader>
    <TransmissionDateTime>2019-04-25T04:18:45</TransmissionDateTime>
    <Version>IATA:ISXMLInvoiceV3.9.0.1</Version>
    <TransmissionID>793b3df6-61f4-44bb-bcfc-4a010865ef71</TransmissionID>
    <ReceivingOrganizationID>157</ReceivingOrganizationID>
    <BillingCategory>Miscellaneous</BillingCategory>
  </TransmissionHeader>
  <Invoice>
    <InvoiceHeader>
      <InvoiceNumber>EK10983</InvoiceNumber>
      <InvoiceDate>2019-04-28</InvoiceDate>
      <InvoiceType>Invoice</InvoiceType>
      <ChargeCategory>ATC</ChargeCategory>
      <SellerOrganization>
        <OrganizationID>176</OrganizationID>
        <OrganizationDesignator>EK</OrganizationDesignator>
        <OrganizationName1>Emirates</OrganizationName1>
        <TaxRegistrationID>RPM Bruxelles</TaxRegistrationID>
        <CompanyRegistrationID>BE 0403 150 410</CompanyRegistrationID>
        <Address>
          <AddressLine1>Dnata</AddressLine1>
          <AddressLine2>EK Headquaters</AddressLine2>
          <AddressLine3>Dubai</AddressLine3>
          <CityName>DUBAI</CityName>
          <SubdivisionName>null</SubdivisionName>
          <CountryCode>AE</CountryCode>
          <CountryName>UAE</CountryName>
          <PostalCode>1515</PostalCode>
        </Address>
      </SellerOrganization>
      <BuyerOrganization>
        <OrganizationID>312</OrganizationID>
        <OrganizationDesignator>6E</OrganizationDesignator>
        <OrganizationName1>Indigo Airlines</OrganizationName1>
        <TaxRegistrationID>107510570RT0001</TaxRegistrationID>
        <AdditionalTaxRegistrationID>1006066123</AdditionalTaxRegistrationID>
        <Address>
          <AddressLine1>Indigo Airline</AddressLine1>
          <AddressLine2>Central Wing, Ground Floor, Thapar House,124, Janpath,</AddressLine2>
          <CityName>New Delhi</CityName>
          <SubdivisionName>Quebec</SubdivisionName>
          <CountryCode>IN</CountryCode>
          <CountryName>INDIA</CountryName>
          <PostalCode>110001</PostalCode>
        </Address>
      </BuyerOrganization>
      <PaymentTerms>
        <CurrencyCode>USD</CurrencyCode>
        <ClearanceCurrencyCode>USD</ClearanceCurrencyCode>
        <ExchangeRate>1.00000</ExchangeRate>
        <SettlementMonthPeriod>190402</SettlementMonthPeriod>
        <SettlementMethod>I</SettlementMethod>
      </PaymentTerms>
      <ISDetails>
        <DigitalSignatureFlag>D</DigitalSignatureFlag>
      </ISDetails>
      <Notes Type="Affiliate">XB/0000000691</Notes>
      <Attachment>
        <AttachmentIndicatorOriginal>N</AttachmentIndicatorOriginal>
        <AttachmentIndicatorValidated>N</AttachmentIndicatorValidated>
        <NumberOfAttachments>0</NumberOfAttachments>
      </Attachment>
    </InvoiceHeader>
    <LineItem>
      <LineItemNumber>1</LineItemNumber>
      <ChargeCode>Lighting</ChargeCode>
      <Description>Lighting Charges</Description>
      <ProductID>50038</ProductID>
      <StartDate>2019-04-01</StartDate>
      <EndDate>2019-04-07</EndDate>
      <LocationCode>DXB</LocationCode>
      <Quantity UOMCode="EA">1</Quantity>
      <UnitPrice SF="1">34590</UnitPrice>
      <ChargeAmount>43590.000</ChargeAmount>
      <TotalNetAmount>43590.000</TotalNetAmount>
    </LineItem>
    <LineItemDetail>
      <DetailNumber>1</DetailNumber>
      <LineItemNumber>1</LineItemNumber>
      <Description>Lighting Charges</Description>
      <ProductID>50038</ProductID>
      <StartDate>2019-04-01</StartDate>
      <EndDate>2019-04-07</EndDate>
      <Quantity UOMCode="EA">1</Quantity>
      <UnitPrice SF="1">2637.0000</UnitPrice>
      <ChargeAmount>43590.000</ChargeAmount>
      <TotalNetAmount>43590.000</TotalNetAmount>
      <RouteDetails>
        <CountryCode>IN</CountryCode>
      </RouteDetails>
      <ServiceProviderDetails>
        <MemberCode>6E</MemberCode>
        <NumericCustomerCode>0000000691</NumericCustomerCode>
        <ProductGroup>Lighting Charges</ProductGroup>
        <ProductName>MSA</ProductName>
        <ActivityDate>2019-04-05</ActivityDate>
        <StationCode>DXB</StationCode>
      </ServiceProviderDetails>
    </LineItemDetail>
    <InvoiceSummary>
      <LineItemCount>1</LineItemCount>
      <TotalLineItemAmount>34590.000</TotalLineItemAmount>
      <TotalTaxAmount>0.000</TotalTaxAmount>
      <TotalVATAmount>0.000</TotalVATAmount>
      <TotalAmount>34590.000</TotalAmount>
      <TotalAmountInClearanceCurrency>34590.000</TotalAmountInClearanceCurrency>
    </InvoiceSummary>
  </Invoice>
  <TransmissionSummary>
    <InvoiceCount>4</InvoiceCount>
    <TotalAmount CurrencyCode="USD">1867309</TotalAmount>
    <TotalTaxAmount CurrencyCode="USD">0.000</TotalTaxAmount>
    <TotalVATAmount CurrencyCode="USD">0.000</TotalVATAmount>
  </TransmissionSummary>
</InvoiceTransmission>